,date,shot,fuel,oxidizer,diluent,t_0,u_t_0,p_0_nom,p_0,u_p_0,phi_nom,phi,u_phi,dil_mf_nom,dil_mf,u_dil_mf,wave_speed,u_wave_speed,t_ad,cj_speed,sound_speed,dil_mf_co2e,u_dil_mf_co2e
0,2020-11-23,0,CH4,N2O,N2,288.85442557478353,3.487385230129324,101325.0,101321.38622573786,3.933010841037276,1.0,1.0701447932808246,0.0007100450918069,0.1,0.2327118275428511,9.900139863117491e-05,2059.45945945946,2.8113083964532466,2794.637780948498,2114.4641507664865,1148.7853281290054,0.2327118275428511,9.900139863117491e-05
1,2020-12-10,0,CH4,N2O,N2,288.2494764972403,3.487385259896169,101325.0,101441.62131437247,3.951862061655532,0.4,0.4125399753213061,0.0003072251176403,0.15,0.2502553023798497,5.387956091269729e-05,1795.959595959596,2.137938062357459,2436.412953885937,1895.3412205010077,1041.0957258020255,0.2502553023798497,5.387956091269729e-05
2,2020-11-25,0,CH4,N2O,N2,289.117440315313,3.487385226708575,101325.0,101312.65603279413,3.9905128269941623,1.0,1.088797988315902,0.0009113267696236,0.2,0.3877417831078747,0.0001007267233289,1961.0294117647056,2.549002196995068,2657.5216846277776,2031.7812697799773,1108.4638814160787,0.3877417831078747,0.0001007267233289
3,2020-12-09,0,CH4,N2O,CO2,288.71836174121137,3.4873852770622444,101325.0,101432.33683425932,3.883889960843084,0.4,0.4138312873380695,0.000259399640814,0.1,0.102602586450416,5.247113330366095e-05,1783.9464882943143,2.1094325403797445,2516.543410765125,1875.787280704692,1021.5808015657838,0.102602586450416,5.247113330366095e-05
4,2020-11-12,0,CH4,N2O,N2,290.3238061014779,3.493192705826452,101325.0,101327.13188416684,4.019152318152329,1.0,1.095291822495435,0.000808307270773,0.2,0.3869969533068575,8.634428414192308e-05,1979.2207792207791,2.596512865403638,2658.704224250772,2033.2117218512828,1109.304496921726,0.3869969533068575,8.634428414192308e-05
5,2020-11-24,0,CH4,N2O,N2,288.27813218295614,3.4873853391613143,101325.0,101346.1087937043,3.790199215991263,1.0,1.065968131665677,0.0006120387483065,0.2,0.3860947037645392,6.72203729497622e-05,2001.500938086304,2.655299973493967,2658.45138501476,2028.9272643389772,1106.7446095012583,0.3860947037645392,6.72203729497622e-05
6,2020-12-07,0,CH4,N2O,CO2,288.3098417644743,3.4873852249329493,101325.0,101456.89458963995,3.611667460005533,0.7,0.7378623441630793,0.0005349251730254,0.1,0.1042408121949835,9.940606707575287e-05,1932.608695652174,2.475653467528933,2722.640092418092,1993.6471777141724,1079.2103236182106,0.1042408121949835,9.940606707575287e-05
7,2020-12-27,0,CH4,N2O,N2,289.9724351640707,3.487385415247354,101325.0,101318.08237949556,4.589152807672923,1.0,1.0658761779885524,0.0004844416097286,0.2,0.3845758188109304,5.950472730564415e-05,1990.2985074626863,2.6256596477846155,2660.5416557324384,2029.6487848049192,1107.1725999585983,0.3845758188109304,5.950472730564415e-05
8,2020-11-26,1,CH4,N2O,CO2,290.7714424388504,3.4873852351614483,101325.0,101377.988467225,3.2963408323637875,0.4,0.4246575499291853,0.0005712019683468,0.2,0.2081375744825119,9.532079103031088e-05,1641.2307692307693,1.78542370217748,2362.9861641449243,1767.385670820721,963.7056215027006,0.2081375744825119,9.532079103031088e-05
9,2020-11-24,1,CH4,N2O,N2,289.0640641393604,3.48738525295456,101325.0,101383.58433058548,4.13697462110165,0.7,0.7353240557520292,0.0004536224814287,0.15,0.2933830274492465,6.578135479009269e-05,1950.2742230347349,2.521119064499844,2655.207980066737,1999.007843255075,1090.0806688472942,0.2933830274492465,6.578135479009269e-05
10,2020-11-25,1,CH4,N2O,CO2,290.21480267152214,3.4873853057495974,101325.0,101352.88815651984,4.277013745567921,1.0,1.050450502204686,0.0004373145006162,0.1,0.1046164589029117,6.895942075164605e-05,2016.6351606805288,2.695607556326363,2794.694583591838,2076.461838433531,1122.803840053387,0.1046164589029117,6.895942075164605e-05
11,2020-12-27,1,CH4,N2O,N2,291.0593876641821,3.487385300307373,101325.0,101406.6310016606,7.688302281571613,1.0,1.0656403941899482,0.0005075619717079,0.2,0.3843575791587081,6.478718251199807e-05,1968.2656826568264,2.5678487294901062,2661.109843701136,2029.6430023873045,1107.2228848512304,0.3843575791587081,6.478718251199807e-05
12,2020-12-07,1,CH4,N2O,CO2,289.93879567075555,3.48738528904318,101325.0,101414.85304135711,4.436692162007597,0.7,0.7473754364569682,0.0006206258664405,0.2,0.207930638440335,9.732648468725712e-05,1817.376490630324,2.189232096241835,2587.82013902709,1876.3761308181604,1015.2683922004674,0.207930638440335,9.732648468725712e-05
13,2020-12-10,1,CH4,N2O,N2,288.5840650137732,3.487385300359083,101325.0,101371.94554689212,6.399049013958628,0.7,0.7359139905664412,0.0004032105811696,0.2,0.356987714207064,5.992177116782123e-05,1898.220640569395,2.38833574223332,2587.1066620474307,1966.585122032892,1074.7647254023332,0.356987714207064,5.992177116782123e-05
14,2020-12-08,2,CH4,N2O,CO2,290.42502664486545,3.4873852692902068,101325.0,101393.90471136128,6.225868150527693,1.0,1.046845081355244,0.0003707587078581,0.1,0.1030854190836046,6.24181355064936e-05,2032.0,2.736839960707208,2796.349856761602,2077.573207240904,1123.433421936989,0.1030854190836046,6.24181355064936e-05
15,2020-11-23,2,CH4,N2O,N2,290.07640354244097,3.4873852553712097,101325.0,101363.2792829969,3.219678642593141,0.4,0.4263162809429546,0.0005120429841312,0.15,0.2535570237809045,8.204222131147255e-05,1805.07614213198,2.159698106023387,2449.6667992227226,1900.2767002093285,1043.4112245301503,0.2535570237809045,8.204222131147255e-05
16,2020-12-09,2,CH4,N2O,CO2,291.8358629983124,3.487385275999828,101325.0,101450.42745259298,2.637379347934368,1.0,1.0431822281858072,0.0003434968752424,0.2,0.2054669887586572,5.29942647696652e-05,1905.0,2.4054257467153697,2664.663812436431,1948.350687509575,1052.851536535013,0.2054669887586572,5.29942647696652e-05
17,2020-11-25,2,CH4,N2O,CO2,290.3574489981166,3.4873852728663497,101325.0,101342.61368627244,3.367272717118746,0.7,0.7368240077156714,0.0003749541482429,0.1,0.1047061895703833,7.297060127615761e-05,1950.2742230347349,2.521119064499844,2721.958739797112,1992.5207334454376,1078.7029003570822,0.1047061895703833,7.297060127615761e-05
18,2020-11-26,2,CH4,N2O,CO2,290.7233423039494,3.493192712750315,101325.0,101394.62169577292,2.986653977620823,1.0,1.0529077797059092,0.0004744566754612,0.15,0.1549752427279319,7.597407138747222e-05,1950.2742230347349,2.521119064499844,2731.09641733337,2013.2769260578727,1088.1124040621612,0.1549752427279319,7.597407138747222e-05
19,2020-11-24,2,CH4,N2O,N2,289.57788431998904,3.487385260138391,101325.0,101389.74868779394,3.18640478966214,0.4,0.4169433991702668,0.0003468096750527,0.1,0.1814096044799048,6.246083407856347e-05,1858.5365853658536,2.2895188546963863,2518.7379746069687,1926.194424012887,1054.8442086772666,0.1814096044799048,6.246083407856347e-05
20,2020-12-27,2,CH4,N2O,N2,292.35606426214525,3.4873852662343845,101325.0,101411.52370999604,5.33770509252737,1.0,1.077131188367156,0.0005140893373396,0.2,0.3848468047640733,6.403072502535252e-05,1971.9038817005544,2.577350474304554,2661.39953753321,2031.2316820056997,1108.1992281522166,0.3848468047640733,6.403072502535252e-05
21,2020-12-27,3,CH4,N2O,N2,292.8256753160014,3.4873852764825988,101325.0,101379.21362323142,5.248302193721466,1.0,1.0799873646016005,0.000536592038131,0.2,0.3847965816837271,6.561847546392613e-05,2005.2631578947369,2.6652916861111677,2661.6417066897952,2031.6996314372,1108.485495901241,0.3847965816837271,6.561847546392613e-05
22,2020-12-10,3,CH4,N2O,N2,289.21467035468925,3.487385253981811,101325.0,101353.74197412776,3.641768205130151,1.0,1.047125134844628,0.0003524343512193,0.1,0.2295142704289034,5.338508189957028e-05,2087.671232876712,2.8888580932591323,2795.331474556541,2111.09803253738,1146.899830609893,0.2295142704289034,5.338508189957028e-05
23,2020-12-09,3,CH4,N2O,CO2,291.9515503193209,3.4873852517431594,101325.0,101441.70221876238,2.40634373221554,0.7,0.7285390436978567,0.0003156748393221,0.2,0.2057157006655336,5.345176616781141e-05,1802.027027027027,2.152407991034615,2583.404244999815,1873.4855783129167,1014.026011554156,0.2057157006655336,5.345176616781141e-05
24,2020-12-08,3,CH4,N2O,CO2,290.9894707740752,3.487385245730332,101325.0,101389.97812947912,4.771480343775224,0.4,0.4220717261565604,0.0003375353607963,0.1,0.1038983051325568,6.844352876689347e-05,1792.9411764705883,2.1307577548759458,2523.5035282861013,1877.887431311245,1022.5495058909328,0.1038983051325568,6.844352876689347e-05
25,2020-11-23,3,CH4,N2O,N2,290.5415158583094,3.4873852479575733,101325.0,101365.85016833992,2.5991018391679304,1.0,1.082390440149562,0.0007143653399989,0.2,0.3862537055137746,8.064003131265126e-05,2001.500938086304,2.655299973493967,2659.482735881376,2031.4643652269865,1108.293680248382,0.3862537055137746,8.064003131265126e-05
26,2020-11-26,3,CH4,N2O,CO2,290.78008443150657,3.4873852666446097,101325.0,101380.17919942904,2.8903205776988115,0.7,0.7418276262564489,0.0004799068784347,0.2,0.2073887268199203,7.623872100792156e-05,1805.07614213198,2.159698106023387,2586.44098052237,1875.3763127594289,1014.8328176315284,0.2073887268199203,7.623872100792156e-05
27,2020-11-25,3,CH4,N2O,CO2,289.8307320929288,3.4873852501471965,101325.0,101359.21368963088,3.169952794964408,0.4,0.4216415716391352,0.0004559809890056,0.1,0.1053287130390177,8.500732284247166e-05,1763.3057851239669,2.06090161647418,2520.5701410236147,1876.2377065756923,1021.6195482929136,0.1053287130390177,8.500732284247166e-05
28,2020-12-07,3,CH4,N2O,CO2,289.8707680418229,3.4873852858119765,101325.0,101442.07197024443,3.0840998106098967,1.0,1.0473954097586156,0.0004119700515177,0.1,0.1034646925942489,6.992106483995698e-05,2043.67816091954,2.7683882876422934,2795.872766073233,2077.301646852577,1123.2558425752063,0.1034646925942489,6.992106483995698e-05
29,2020-11-24,3,CH4,N2O,N2,289.9571651575458,3.487385281638567,101325.0,101383.0671942587,2.636410179697042,1.0,1.0612057420122991,0.0005104192176495,0.2,0.3855132877332795,6.044450807915991e-05,1975.555555555556,2.586905055452437,2659.2937340783405,2028.2521680406417,1106.4412644248878,0.3855132877332795,6.044450807915991e-05
30,2020-11-23,4,CH4,N2O,N2,290.5731766393087,3.4873851846733643,101325.0,101353.1141796362,2.605537355179964,1.0,1.0745959166034729,0.0006698496574582,0.2,0.3866876506619623,7.153789403919896e-05,1979.2207792207791,2.596512865403638,2658.7822071916094,2029.8322574984957,1107.402482009947,0.3866876506619623,7.153789403919896e-05
31,2020-11-26,4,CH4,N2O,CO2,290.27473090053405,3.4873852249869124,101325.0,101376.31686855853,2.467441181420252,1.0,1.0599610935395023,0.0005277227361654,0.2,0.2071814413811235,7.799889856096371e-05,1905.0,2.4054257467153697,2663.5858100468117,1949.665441132859,1053.359213035121,0.2071814413811235,7.799889856096371e-05
32,2020-12-10,4,CH4,N2O,N2,289.1411675589158,3.487385265610468,101325.0,101347.4648891914,2.8008161042572857,0.4,0.4165101147069183,0.0002842066403574,0.1,0.1794430017843058,5.340989050865256e-05,1901.6042780748664,2.3968578968989687,2520.065298598233,1926.7838933962196,1055.0830329935327,0.1794430017843058,5.340989050865256e-05
33,2020-12-08,4,CH4,N2O,CO2,290.63653080034805,3.4873852370291405,101325.0,101381.34304745642,4.013794123761086,0.7,0.731420607028512,0.000323193339415,0.1,0.1031234719501466,5.816948901786671e-05,1950.2742230347349,2.521119064499844,2722.0094666078357,1992.6771355177784,1078.8730872988276,0.1031234719501466,5.816948901786671e-05
34,2020-12-07,4,CH4,N2O,CO2,289.5883648589679,3.4873852163812957,101325.0,101430.93404565143,2.85391740823754,1.0,1.0492591804807014,0.0003857269472299,0.15,0.1545006065378526,6.180724951666755e-05,1968.2656826568264,2.5678487294901062,2731.191149978054,2013.247519864561,1088.0433924703098,0.1545006065378526,6.180724951666755e-05
35,2020-11-26,5,CH4,N2O,CO2,289.57467975361715,3.493192680836468,101325.0,101387.05532580455,2.441019232313907,0.4,0.4208756979540664,0.0004963915408171,0.15,0.1558238225291024,7.692065887146004e-05,1720.645161290323,1.9623868734910757,2442.988040765777,1821.8648989422936,992.4525129485188,0.1558238225291024,7.692065887146004e-05
36,2020-12-10,5,CH4,N2O,N2,289.11131707856407,3.487385211543791,101325.0,101362.28720631736,2.713899063559613,0.7,0.7294201856902124,0.0003237863031459,0.1,0.2134260622820037,5.324827100383551e-05,2016.6351606805288,2.695607556326363,2722.303188094464,2033.841408944546,1106.7563774142425,0.2134260622820037,5.324827100383551e-05
37,2020-11-23,5,CH4,N2O,N2,290.2310287901633,3.487385223049344,101325.0,101351.01701363835,2.278327049008675,0.7,0.7376552117718309,0.000491290621884,0.1,0.2158301375472686,7.316361492650103e-05,1986.5921787709497,2.615889759890728,2724.4359882905,2035.2810898686191,1107.5455543703938,0.2158301375472686,7.316361492650103e-05
38,2020-12-08,5,CH4,N2O,CO2,290.11237392935226,3.4873852645910026,101325.0,101387.26248895106,3.4793785036483493,1.0,1.0440013927944984,0.0003269685721084,0.15,0.1541150168917253,5.274470696182958e-05,1979.2207792207791,2.596512865403638,2731.234338217669,2012.534049579221,1087.7318525522278,0.1541150168917253,5.274470696182958e-05
39,2020-12-07,5,CH4,N2O,CO2,289.3079686503385,3.487385241288333,101325.0,101409.77581622652,3.3179555608813014,0.7,0.7347519096450914,0.0004022885982607,0.15,0.1553884881831529,7.397557221373399e-05,1884.8056537102475,2.3546976306669536,2653.9529201392484,1933.1665439073436,1046.17509478215,0.1553884881831529,7.397557221373399e-05
40,2020-12-08,6,CH4,N2O,CO2,290.21594639716017,3.487385277138625,101325.0,101378.15361181145,2.8614013446270623,0.4,0.4139934417145948,0.00027912669534,0.15,0.1544475982033697,5.3010585715641e-05,1754.6052631578948,2.0406139471789606,2438.18638781517,1820.3116984411363,992.0151955504584,0.1544475982033697,5.3010585715641e-05
41,2020-12-10,6,CH4,N2O,N2,289.0337137960988,3.487385183452373,101325.0,101362.17613918388,2.305871234638261,0.7,0.7321308668424342,0.0003683939439754,0.15,0.291755055650628,5.411028728146589e-05,1994.018691588785,2.6354843712810845,2655.1294521389464,1998.8129967950856,1089.9869484039546,0.291755055650628,5.411028728146589e-05
42,2020-11-24,6,CH4,N2O,N2,289.7090428434992,3.487385221634513,101325.0,101402.56499031936,2.8517477465797487,1.0,1.05759571789862,0.0004706854564756,0.15,0.3149170657690547,6.00307464994025e-05,2047.600767754319,2.7790256968178064,2728.598845853241,2068.719309087798,1126.1096443542988,0.3149170657690547,6.00307464994025e-05
43,2020-12-07,6,CH4,N2O,CO2,289.21519418484115,3.487385233871126,101325.0,101403.63970504748,2.9639226091313464,1.0,1.0553963589975472,0.0005935147117772,0.2,0.2070637130774294,8.442495683144133e-05,1911.8279569892472,2.4226998438160448,2663.1679673057283,1949.0590293798325,1052.9729762958982,0.2070637130774294,8.442495683144133e-05
44,2020-12-27,6,CH4,N2O,N2,292.138498157817,3.493192693831228,101325.0,101343.75700467928,3.7259846630417335,1.0,1.0620948541420951,0.0004543997767889,0.2,0.3839136999561388,5.671011995013317e-05,1982.899628252788,2.606174300278913,2661.6437034353844,2029.14102627916,1106.9854866259318,0.3839136999561388,5.671011995013317e-05
45,2020-11-23,6,CH4,N2O,N2,289.97225836887264,3.487385213596373,101325.0,101344.93132947228,2.1783656764441472,1.0,1.071127419771168,0.0005572314158611,0.2,0.3855821486481584,6.255536743914626e-05,2016.6351606805288,2.695607556326363,2659.7004129057286,2029.9700106321573,1107.395372939662,0.3855821486481584,6.255536743914626e-05
46,2020-11-26,6,CH4,N2O,CO2,289.23944424333007,3.487385266238112,101325.0,101388.64455840018,2.182577610157576,0.4,0.4263594168987509,0.0004948981754458,0.2,0.2071463472671375,8.320551779114648e-05,1720.645161290323,1.9623868734910757,2365.8882139070024,1769.2555971736726,964.566019323224,0.2071463472671375,8.320551779114648e-05
47,2020-12-09,6,CH4,N2O,CO2,290.27421702422345,3.487385224832522,101325.0,101435.3924738486,3.0295403038593363,0.4,0.4151182628962736,0.0003035374215471,0.15,0.1541129217870591,5.2953713721213694e-05,1751.7241379310344,2.0339179256148574,2439.934179555463,1821.16492645142,992.2897789746336,0.1541129217870591,5.2953713721213694e-05
48,2020-12-27,7,CH4,N2O,N2,291.58081619251743,3.4873852274454538,101325.0,101352.01508800471,3.423702392677319,1.0,1.064228143589126,0.0004556133684854,0.2,0.3844850689481044,5.639190672277096e-05,2009.0395480225989,2.6753399022202595,2660.9988558540986,2029.238536089048,1107.0323709822512,0.3844850689481044,5.639190672277096e-05
49,2020-11-13,7,CH4,N2O,N2,289.1908975064921,3.4931927212631635,101325.0,101391.12915378048,2.2440402108836093,0.7,0.7590009657998769,0.0007679802093615,0.2,0.3602595480043486,9.545080935793534e-05,1901.6042780748664,2.3968578968989687,2596.2688379132987,1971.6154038597049,1077.237602185064,0.3602595480043486,9.545080935793534e-05
50,2020-11-24,7,CH4,N2O,N2,289.55443982935293,3.4931927314849367,101325.0,101408.05916883986,2.617471364108496,1.0,1.0748336085187593,0.0005877234511101,0.2,0.3861740001564491,6.915201376193422e-05,1971.9038817005544,2.577350474304554,2659.1208498525034,2030.3206488018773,1107.595333217156,0.3861740001564491,6.915201376193422e-05
51,2020-11-23,7,CH4,N2O,N2,289.57247579580013,3.4873852823826885,101325.0,101344.23459298632,1.9744133321217925,1.0,1.070242945032991,0.0005600223274136,0.2,0.385876928478252,6.27330434396119e-05,2005.2631578947369,2.6652916861111677,2659.232758613664,2029.676083608884,1107.222709636774,0.385876928478252,6.27330434396119e-05
52,2020-12-10,7,CH4,N2O,N2,288.9786478040189,3.487385252526777,101325.0,101352.63058490193,2.2644464547170657,1.0,1.0589326894506956,0.000403828486644,0.15,0.3140293736546691,5.471457112349328e-05,2063.442940038685,2.8221943819982136,2729.277812126299,2069.5457997799267,1126.4948103816018,0.3140293736546691,5.471457112349328e-05
53,2020-12-09,8,CH4,N2O,CO2,289.3095685943655,3.493192725592349,101325.0,101415.28208993624,2.826788719804318,0.7,0.7259568378131424,0.0002955587397935,0.15,0.1538111643443795,5.272031853100707e-05,1884.8056537102475,2.3546976306669536,2652.4529985546264,1932.389317215036,1045.8586693762595,0.1538111643443795,5.272031853100707e-05
54,2020-12-27,8,CH4,N2O,N2,291.04122433193794,3.487385294444857,101325.0,101355.10211001735,3.0885783470617763,1.0,1.072727842322355,0.0004624944735083,0.2,0.3845458249969163,5.7031756352542544e-05,2012.830188679245,2.6854450486647425,2661.190193927982,2030.7752729970416,1107.8570917130778,0.3845458249969163,5.7031756352542544e-05
55,2020-12-20,8,CH4,N2O,N2,290.16175757356467,3.4873852454791314,101325.0,101382.48430166484,2.9690930592476845,1.0,1.0751414989970338,0.0005758157539929,0.2,0.3856390554546555,6.705016642013327e-05,1953.8461538461536,2.530362389707139,2659.865131540393,2030.6306653243175,1107.7773307598688,0.3856390554546555,6.705016642013327e-05
56,2020-11-13,8,CH4,N2O,N2,289.3514653617311,3.4873852125201283,101325.0,101395.3981473612,2.111802467114769,1.0,1.072904728637197,0.0007666939126704,0.2,0.3863527957376413,8.179450845817653e-05,2012.830188679245,2.6854450486647425,2658.7913287448914,2029.8904503635376,1107.3520587716969,0.3863527957376413,8.179450845817653e-05
57,2020-12-21,9,CH4,N2O,N2,290.0826426723912,3.487385191458308,101325.0,101390.01933257889,2.9212440942019984,1.0,1.062523541067867,0.0004630131915523,0.2,0.3845351167738343,5.700891370671076e-05,1957.4311926605503,2.5396566422689437,2660.4782798729093,2029.078860593891,1106.863751971471,0.3845351167738343,5.700891370671076e-05
58,2019-10-15,0,C3H8,air,,,,101325.0,102387.36759072094,13.2042988936173,1.0,0.9619161153572028,0.0045179799070178,0.0,0.0,0.0,1638.7096774193549,6.229799598384503,,,,0.0,0.0
59,2019-10-15,1,C3H8,air,,289.3101396004479,4.931541087308556,101325.0,102402.700531435,13.204299179112846,1.0,0.9949438689044774,0.0045234572645928,0.0,0.0,0.0,1621.276595744681,6.097955718246699,2259.3153980800435,1799.4873042903832,993.1204657106206,0.0,0.0
60,2019-10-15,2,C3H8,air,,288.8652739531846,4.932148387627762,101325.0,102515.7192476178,13.204301284276376,1.0,0.993019575545613,0.0045181127956514,0.0,0.0,0.0,1712.3595505617975,6.802365449618293,2258.0907652390406,1798.9916427794624,992.8558350531074,0.0,0.0
61,2019-10-15,3,C3H8,air,,288.5871765357143,4.932574350936266,101325.0,102450.78326914244,13.204300074542674,1.0,1.0122697879160725,0.0045245631242571,0.0,0.0,0.0,1638.7096774193549,6.229799598384503,2266.769886189268,1804.346741901816,995.4894030039954,0.0,0.0
62,2019-10-15,4,C3H8,air,,288.3430343945432,4.932963719797984,101325.0,102364.02383818464,13.204298459061118,1.0,0.9629443826908268,0.0045192016613045,0.0,0.0,0.0,1674.7252747252746,6.506646144961602,2237.1659180452266,1789.841537410255,988.565344348183,0.0,0.0
63,2019-10-15,5,C3H8,air,,287.5839250640158,4.934304970140292,101325.0,102445.86503349812,13.204299982933067,1.0,1.0027772213257686,0.0045230112066655,0.0,0.0,0.0,1674.7252747252746,6.506646144961602,2262.416877141655,1801.8492237091812,994.1721704206552,0.0,0.0
64,2019-10-15,6,C3H8,air,,286.9711702932421,4.935336171305265,101325.0,102325.888020915,13.204297749216776,1.0,0.9903911575943962,0.0045260032144001,0.0,0.0,0.0,1722.033898305085,6.879445462852484,2255.674344115816,1798.3610608202807,992.4273924741494,0.0,0.0
65,2019-10-15,7,C3H8,air,,286.1739465123909,4.936609677388981,101325.0,102322.44947901974,13.20429768524105,1.0,0.9756652503044634,0.0045234091076698,0.0,0.0,0.0,1656.5217391304348,6.365966059360503,2245.795068767088,1794.0191936214317,990.3317756514148,0.0,0.0
66,2019-10-15,8,C3H8,air,,285.2535739379707,4.937996140709656,101325.0,102349.18142163326,13.204298182756592,1.0,0.9715000379547464,0.0045214514481827,0.0,0.0,0.0,1665.573770491803,6.435729550171957,2242.329728268261,1792.8092885246815,989.7188689707845,0.0,0.0
67,2019-10-17,0,C3H8,air,,285.3352777674759,4.937864534925909,101325.0,102388.21869887073,13.204298909461494,1.0,1.0090039846136123,0.0045267184582877,0.0,0.0,0.0,1722.033898305085,6.879445462852484,2264.021504160376,1803.7406253618208,994.962230748014,0.0,0.0
68,2019-10-17,1,C3H8,air,,286.657253348558,4.935733625993108,101325.0,102372.20357223508,13.20429861131149,1.0,0.9882874711715948,0.0045235636562169,0.0,0.0,0.0,1674.7252747252746,6.506646144961602,2254.30146600432,1797.78050285072,992.1284666494696,0.0,0.0
69,2019-10-22,0,C3H8,air,,288.6856950598756,4.932422587378425,101325.0,102400.81639888964,13.20429914402633,1.0,1.0059953777650936,0.0045256006915672,0.0,0.0,0.0,1693.3333333333333,6.652041571163797,2264.335652250706,1802.6336057892383,994.6286412202442,0.0,0.0
70,2019-10-22,1,C3H8,air,,289.2764633785953,4.931609681876161,101325.0,102399.7736289809,13.204299124616671,1.0,0.9795483191303932,0.0045207173686146,0.0,0.0,0.0,1751.7241379310344,7.118712739652,2249.974586510393,1794.956124432817,990.960572157052,0.0,0.0
71,2019-10-22,2,C3H8,air,,289.7123031772948,4.931025661127826,101325.0,102321.09647694192,13.204297660043604,1.0,0.9983215127705036,0.0045276944407583,0.0,0.0,0.0,1647.5675675675675,6.297330808055799,2261.230894879217,1800.3988236311986,993.5878830975836,0.0,0.0
72,2019-10-22,3,C3H8,air,,290.3615611608598,4.929820908794369,101325.0,102360.84030388384,13.204298399780663,1.0,1.0033450431189628,0.004526873563933,0.0,0.0,0.0,1731.8181818181818,6.957843069011654,2263.936096769419,1801.7532903281967,994.2989443527124,0.0,0.0
73,2019-10-22,4,C3H8,air,,290.8473650047371,4.929358048243851,101325.0,102404.82830180952,13.20429921873248,1.0,1.003687588416844,0.0045249931754349,0.0,0.0,0.0,1751.7241379310344,7.118712739652,2264.325635623535,1801.8135866821904,994.362207452099,0.0,0.0
74,2019-10-22,7,C3H8,air,,292.5433463139123,4.926782300329323,101325.0,102409.09358807169,13.20429929817162,1.0,1.009248976609453,0.0045258415453224,0.0,0.0,0.0,1683.9779005524863,6.578741396956978,2267.444851342744,1803.187761534473,995.1614451006566,0.0,0.0
75,2019-10-22,8,C3H8,air,,292.72910199144405,4.926517476250959,101325.0,102325.4998246406,13.204297741997356,1.0,0.9924093981925198,0.0045263968184715,0.0,0.0,0.0,1656.5217391304348,6.365966059360503,2259.501979161979,1798.455347926527,992.8402998824118,0.0,0.0
76,2019-10-22,9,C3H8,air,,292.6015208313638,4.926757227088178,101325.0,102339.86308679463,13.20429800930826,1.0,0.9965008031399704,0.0045265246963097,0.0,0.0,0.0,1674.7252747252746,6.506646144961602,2261.6455205212515,1799.6396815959845,993.4063574202428,0.0,0.0
77,2019-10-22,10,C3H8,air,,292.1432922634896,4.927153039419146,101325.0,102394.69134386498,13.204299029977689,1.0,0.9910611643377264,0.0045230873070107,0.0,0.0,0.0,1702.7932960893854,6.726573668290831,2258.487291559399,1798.1265040295214,992.6469920408985,0.0,0.0
78,2019-10-22,11,C3H8,air,,292.4336748643695,4.926830221716864,101325.0,102434.10219910716,13.20429976385475,1.0,0.9575112506575864,0.0045150987976725,0.0,0.0,0.0,1647.5675675675675,6.297330808055799,2234.6782601620266,1787.7551317321008,987.8779462994676,0.0,0.0
79,2019-10-22,12,C3H8,air,,292.71261597818415,4.926268575890211,101325.0,102455.70475329112,13.204300166215944,1.0,1.0221942677108855,0.0045261956516029,0.0,0.0,0.0,1702.7932960893854,6.726573668290831,2271.73621704058,1806.5858073097415,996.9189286021198,0.0,0.0
80,2019-10-22,13,C3H8,air,,292.37090870496013,4.926950244315056,101325.0,102378.14183825738,13.204298721862209,1.0,0.9794109818820133,0.0045216468358589,0.0,0.0,0.0,1674.7252747252746,6.506646144961602,2251.340480404545,1794.651115984534,991.012448911085,0.0,0.0
81,2019-10-22,14,C3H8,air,,292.22774995277973,4.927039077263935,101325.0,102393.7460290879,13.204299012392864,1.0,1.0100835774949604,0.0045266754475389,0.0,0.0,0.0,1712.3595505617975,6.802365449618293,2267.619013324429,1803.4373171337315,995.265939738777,0.0,0.0
82,2019-10-22,15,C3H8,air,,292.5435156598496,4.92661469184212,101325.0,102458.48547304774,13.204300217999164,1.0,1.0227788978549892,0.0045261818081601,0.0,0.0,0.0,1731.8181818181818,6.957843069011654,2271.8068260762093,1806.7503081245775,996.993767481438,0.0,0.0
83,2019-10-22,16,C3H8,air,,291.7726532125517,4.927724597516234,101325.0,102429.1287388882,13.204299671237203,1.0,1.0105811090157264,0.0045252047338157,0.0,0.0,0.0,1722.033898305085,6.879445462852484,2267.607911582823,1803.6161430373647,995.327316368214,0.0,0.0
84,2019-10-22,17,C3H8,air,,291.5796251138276,4.92829768914898,101325.0,102362.72281217705,13.204298434824585,1.0,1.00106357066206,0.0045263648391319,0.0,0.0,0.0,1751.7241379310344,7.118712739652,2263.4427060737285,1801.0152764887207,994.0137752829258,0.0,0.0
85,2019-10-22,18,C3H8,air,,291.03198639705226,4.929033508992138,101325.0,102473.69334634284,13.204300501292416,1.0,0.9950712603347548,0.0045203476218006,0.0,0.0,0.0,1792.9411764705883,7.45765214206581,2260.20045148633,1799.3884013581253,993.186242628828,0.0,0.0
86,2019-10-22,21,C3H8,air,,288.6541476671752,4.932459544930191,101325.0,102323.98439734332,13.20429771378919,1.0,0.9714015677373538,0.0045225463306103,0.0,0.0,0.0,1674.7252747252746,6.506646144961602,2243.881521824118,1792.490014610323,989.7764206250212,0.0,0.0
87,2019-10-22,22,C3H8,air,,288.1375703178716,4.933651462480651,101325.0,102318.73643850356,13.20429761613088,1.0,0.9690658946510444,0.0045223428024374,0.0,0.0,0.0,1712.3595505617975,6.802365449618293,2241.873048528174,1791.799879440576,989.4312813497792,0.0,0.0
88,2019-10-22,23,C3H8,air,,287.5801550483124,4.934362315416786,101325.0,102337.7824197338,13.204297970592153,1.0,0.997656943410374,0.004526832356019,0.0,0.0,0.0,1772.093023255814,7.285226707196556,2259.9118674065976,1800.3967987468243,993.4491711053712,0.0,0.0
89,2019-10-22,24,C3H8,air,,287.1707768735863,4.934981008866905,101325.0,102412.3713289998,13.204299359171548,1.0,1.0128444954521618,0.0045263670750988,0.0,0.0,0.0,1761.849710982659,7.201247850102023,2266.312874324027,1804.616338137276,995.5287700838726,0.0,0.0
90,2019-11-18,0,C3H8,air,,283.804383546874,0.0112917821450692,101325.0,101471.70516052148,2.690971476871425,1.0,1.0242689021846876,0.0009257981626983,0.0,3.6830135070907673e-06,3.458080813371814e-05,1795.959595959596,2.137938062357459,2267.871531099595,1807.7226831910289,996.8851583352268,3.6830135070907673e-06,3.458080813371814e-05
91,2019-11-19,0,C3H8,air,,283.3348577664778,0.0119151256623022,101325.0,101382.6282405522,2.901038714764668,1.0,1.0413603594920546,0.0009421898222644,0.0,6.118448680590467e-06,3.5669204571264815e-05,1740.293637846656,2.007460738299237,2269.978432879648,1811.9245927698855,999.1357632330368,6.118448680590467e-06,3.5669204571264815e-05
92,2019-11-20,0,C3H8,air,,280.6927695047779,0.0104522439646689,101325.0,101425.09374967664,2.693877885512463,1.0,1.038198349632893,0.0009082466517598,0.0,-2.7556212941974763e-06,3.392967478543279e-05,1811.2054329371815,2.174389887524692,2268.5515263615066,1811.4155911379496,998.6667747989898,-2.7556212941974763e-06,3.392967478543279e-05
93,2020-03-21,0,C3H8,air,CO2,286.4939626927216,0.0155820412466374,101325.0,101413.32903842416,4.441907958051128,1.0,0.986241038076049,0.001385890666909,0.01,0.0099926745086929,4.968114013367494e-05,1852.0833333333333,2.2736470213937943,2233.251486293082,1783.04251356092,984.0756491076676,0.0099926745086929,4.968114013367494e-05
94,2020-03-21,1,C3H8,air,CO2,286.67993522706246,0.0141891021690734,101325.0,101441.60730095164,6.910883402999183,1.0,0.9968195943261354,0.0013593946516825,0.01,0.0101869499181343,5.289624809014498e-05,1858.5365853658536,2.2895188546963863,2239.0182370925445,1785.804911481578,985.3932483165324,0.0101869499181343,5.289624809014498e-05
95,2020-03-21,2,C3H8,air,CO2,290.8205667881108,0.0150550927660765,101325.0,101432.79193820702,5.9400158712063815,1.0,0.9955105430348598,0.0013489646976911,0.01,0.0102963995745502,5.168145456131274e-05,1772.093023255814,2.081493344913301,2240.057909812664,1784.9323178569389,985.22881274553,0.0102963995745502,5.168145456131274e-05
96,2020-03-21,3,C3H8,air,CO2,290.85007349240755,0.0142102316113071,101325.0,101475.10788572456,3.685180192603681,1.0,1.0032107770081318,0.0013786661662926,0.01,0.0105957967473948,5.45254242855917e-05,1766.2251655629138,2.0677314431657634,2243.29640888479,1786.6655371631286,986.056279193816,0.0105957967473948,5.45254242855917e-05
97,2020-03-21,4,C3H8,air,CO2,290.6875099882656,0.0141701240311393,101325.0,101411.40281024252,3.658656206428331,1.0,1.008335327061865,0.0014897330754515,0.01,0.010522568545953,5.695472278984593e-05,1871.578947368421,2.32176520212356,2245.533464612075,1788.1617670775572,986.791940560442,0.010522568545953,5.695472278984593e-05
98,2020-03-21,5,C3H8,air,CO2,290.4748924144646,0.0143288461480311,101325.0,101393.43897249324,3.708820309930637,1.0,1.0000465401093095,0.0013874036268887,0.01,0.0102977924338092,5.445434033679764e-05,1757.495881383855,2.0473430900069283,2242.191622528353,1786.224935321516,985.8301829913707,0.0102977924338092,5.445434033679764e-05
99,2020-03-21,7,C3H8,air,CO2,289.99680767013456,0.0143343645951804,101325.0,101441.19309991036,3.704713810101029,1.0,1.0016311155926227,0.0013702435022541,0.01,0.0100905348954926,5.3780569761228543e-05,1839.3103448275865,2.2423945129903373,2243.1388278653662,1787.0005163486076,986.1983334037368,0.0100905348954926,5.3780569761228543e-05
100,2020-03-21,8,C3H8,air,CO2,289.7326829505305,0.0141765221062903,101325.0,101488.71135336824,3.640402618708789,1.0,1.0031010543488377,0.0015039532832723,0.01,0.0102438902538892,5.5186515030564335e-05,1726.2135922330096,1.975108959295484,2243.4097835469342,1787.2219057904117,986.2831387866944,0.0102438902538892,5.5186515030564335e-05
101,2020-03-21,9,C3H8,air,CO2,289.57147452030574,0.0143528199371389,101325.0,101363.86965828484,3.6845301140002,1.0,1.0058235167130145,0.0014345065966964,0.01,0.0104475602692288,5.650992611060407e-05,1766.2251655629138,2.0677314431657634,2244.109055143848,1787.6747303402128,986.4785138611932,0.0104475602692288,5.650992611060407e-05
102,2020-03-21,10,C3H8,air,CO2,289.496845417422,0.0144154936485895,101325.0,101390.55002827232,3.8583623147202366,1.0,1.0085715700406843,0.0014748933572958,0.01,0.0103959197646629,5.69051964402822e-05,1754.6052631578948,2.0406139471789606,2245.3127841601126,1788.4991806571454,986.8896732357738,0.0103959197646629,5.69051964402822e-05
103,2020-03-21,11,C3H8,air,CO2,289.2397091629962,0.0144315693976743,101325.0,101422.94675930912,3.793146093228144,1.0,1.0087443763789117,0.0014510523516953,0.01,0.0102983617844937,5.45081492963348e-05,1814.2857142857144,2.181792060512846,2245.4584474839867,1788.708652552771,986.9846087368096,0.0102983617844937,5.45081492963348e-05
104,2020-03-22,0,C3H8,air,CO2,288.40094616429485,0.0144759832157279,101325.0,101389.81375499727,3.607350519007596,1.0,1.0068967929244432,0.0014723807089278,0.01,0.0107244904923918,5.767700008508232e-05,1775.0415973377703,2.088425874153061,2243.4845865787925,1787.6834573685228,986.3916785656002,0.0107244904923918,5.767700008508232e-05
105,2020-03-22,1,C3H8,air,CO2,288.4931104397416,0.0145150828752924,101325.0,101358.92858787227,3.707944446626161,1.0,1.0047651995529778,0.0015257208341194,0.01,0.0105259803243238,6.078129153974656e-05,1823.589743589744,2.204226792811606,2242.9955125065085,1787.368289147322,986.2494061540638,0.0105259803243238,6.078129153974656e-05
106,2020-03-22,2,C3H8,air,CO2,288.24942378636865,0.0145428773441977,101325.0,101364.3204800661,3.604433317847176,1.0,0.995365614282985,0.0015879660768058,0.01,0.0105532084913873,5.942294825458299e-05,1808.135593220339,2.1670253207984898,2238.259362967188,1784.7395689561397,984.9450198860671,0.0105532084913873,5.942294825458299e-05
107,2020-03-22,3,C3H8,air,CO2,288.2342241062412,0.0145432149833755,101325.0,101487.31112184134,3.682157430634205,1.0,0.9854240441219556,0.0016736561586162,0.01,0.0106326544904192,5.650284107279567e-05,1789.9328859060402,2.123613559552377,2232.3382993836244,1781.7796429062194,983.530189581172,0.0106326544904192,5.650284107279567e-05
108,2020-03-22,4,C3H8,air,CO2,287.9848417594273,0.0141607248599191,101325.0,101438.61656927023,3.71353519708548,1.0,0.9927800033034092,0.0015374440348829,0.01,0.0105912134736622,5.966009054103387e-05,1820.4778156996588,2.1967102533807976,2236.665367321064,1783.9851389486548,984.5620652434644,0.0105912134736622,5.966009054103387e-05
109,2020-03-22,5,C3H8,air,CO2,287.96521795291324,0.0145491985881985,101325.0,101439.06977936068,3.692270085397293,1.0,0.9905121676091124,0.0015259646368075,0.01,0.0105229832755032,5.983014900782577e-05,1805.07614213198,2.159698106023387,2235.4946418259947,1783.429915024712,984.3054569785584,0.0105229832755032,5.983014900782577e-05
110,2020-03-22,6,C3H8,air,CO2,287.80484088216264,0.0143198670745221,101325.0,101442.3814542983,3.678706428383238,1.0,0.9867618061034148,0.0015158309534081,0.01,0.0100941586289495,5.986270030557687e-05,1792.9411764705883,2.1307577548759458,2234.0050435701805,1782.9490049697745,984.1078642664936,0.0100941586289495,5.986270030557687e-05
111,2020-03-22,7,C3H8,air,CO2,287.6980191924053,0.0141669439021805,101325.0,101358.39588120636,3.67255848396344,1.0,0.9950911222299356,0.0016768597353188,0.01,0.0099951290652681,6.114500366834838e-05,1829.845626072041,2.219376073276719,2238.9347167325755,1785.4835297524733,985.3955017656642,0.0099951290652681,6.114500366834838e-05
112,2020-03-22,8,C3H8,air,CO2,287.655807584753,0.0145560923842116,101325.0,101435.4821978534,3.858941341333516,1.0,0.997101747274171,0.0017055867917445,0.01,0.0097398758447047,6.302974021967914e-05,1754.6052631578948,2.0406139471789606,2240.487763165486,1786.4229819117663,985.794617464384,0.0097398758447047,6.302974021967914e-05
113,2020-03-22,9,C3H8,air,CO2,287.51446414643607,0.0138121135055824,101325.0,101395.15229997472,3.725135972233626,1.0,0.9879076768324452,0.0015496652853149,0.01,0.0098555446621173,5.9369609337352575e-05,1858.5365853658536,2.2895188546963863,2235.021164434929,1783.6323780622713,984.4331633029024,0.0098555446621173,5.9369609337352575e-05
114,2020-03-22,10,C3H8,air,CO2,287.4298646779976,0.0145611342573273,101325.0,101388.28773087692,3.715391412263253,1.0,0.9912401704293072,0.0017127805489295,0.01,0.0098496599720723,6.275076002230789e-05,1783.9464882943143,2.1094325403797445,2236.958505468116,1784.61261425796,984.8984842375862,0.0098496599720723,6.275076002230789e-05
115,2020-03-22,11,C3H8,air,CO2,287.2796755629528,0.0141760331197488,101325.0,101427.8442715121,3.788481380353657,1.0,0.9933777147920676,0.0015729237253158,0.01,0.0099988041344547,6.220703579379174e-05,1792.9411764705883,2.1307577548759458,2237.81359686437,1785.0373296660125,985.0767660608532,0.0099988041344547,6.220703579379174e-05
116,2020-03-22,12,C3H8,air,CO2,287.1962550449265,0.014177848405188,101325.0,101477.74469273826,3.728457275951597,1.0,0.990033854248398,0.0016643948070552,0.01,0.009797090334568,6.471645378944921e-05,1783.9464882943143,2.1094325403797445,2236.271871374133,1784.3716166847794,984.7738897102672,0.009797090334568,6.471645378944921e-05
117,2020-03-22,13,C3H8,air,CO2,287.1323065763003,0.0141792401756261,101325.0,101413.8389992888,3.709143865370923,1.0,0.991689441300906,0.0016682519093872,0.01,0.0096770173921094,6.534272206056593e-05,1729.011345218801,1.9815164456287624,2237.416958135661,1785.011305398457,985.082889227546,0.0096770173921094,6.534272206056593e-05
118,2020-03-22,14,C3H8,air,CO2,286.99278373024293,0.0138231758501101,101325.0,101500.05718650564,3.740667631125722,1.0,0.9982392745745116,0.0016268664048541,0.01,0.009659285366253,6.38286730068886e-05,1740.293637846656,2.007460738299237,2240.930593150188,1786.9214170960786,986.001089303543,0.009659285366253,6.38286730068886e-05
119,2020-03-22,15,C3H8,air,CO2,286.9137352994304,0.014184002024534,101325.0,101446.86908716222,3.890394688142892,1.0,0.9903250823826164,0.0015933453728559,0.01,0.0100040335638227,6.350453557888229e-05,1778.0,2.0953930949165533,2235.8994156108124,1784.186864475706,984.6452968205288,0.0100040335638227,6.350453557888229e-05
120,2020-03-22,16,C3H8,air,CO2,286.9657623402945,0.0141828679237265,101325.0,101424.15603983414,3.9127128535314255,1.0,0.9861635268973282,0.0015992308277927,0.01,0.009779474108371,6.317294270259021e-05,1775.0415973377703,2.088425874153061,2233.844283855427,1783.2782689125058,984.403102777506,0.009779474108371,6.317294270259021e-05
121,2020-03-22,17,C3H8,air,CO2,286.9263382862429,0.0141837275156694,101325.0,101357.8374717848,3.9742910511381697,1.0,0.9902598875392572,0.0015754088549167,0.01,0.0097200873027283,6.3767855912181e-05,1763.3057851239669,2.06090161647418,2236.397748301063,1784.5474131758597,984.8405454385562,0.0097200873027283,6.3767855912181e-05
122,2020-03-22,18,C3H8,air,N2,289.5021805394005,0.0143537898113676,101325.0,101467.93579339342,3.732839346952354,1.0,0.969203088785657,0.0015039687922058,0.01,0.0180597610723895,5.766042209336112e-05,1798.9881956155143,2.145154725791786,2223.245833299829,1784.845857164554,986.481453584893,0.0180597610723895,5.766042209336112e-05
123,2020-03-22,19,C3H8,air,N2,289.4406025255464,0.0142650038045872,101325.0,101378.22578449282,3.7474659589747614,1.0,0.971427990701348,0.0014803992062707,0.01,0.0177202246067811,5.712816782929455e-05,1792.9411764705883,2.1307577548759458,2225.2868833666203,1785.66272441987,986.841848785912,0.0177202246067811,5.712816782929455e-05
124,2020-03-22,20,C3H8,air,N2,289.283056105211,0.014313284674891,101325.0,101358.63004923034,3.73378514055961,1.0,0.9746023570798577,0.0015484564373941,0.01,0.017967525705866,5.699814177863566e-05,1740.293637846656,2.007460738299237,2227.326649877032,1786.56448640043,987.245692881169,0.017967525705866,5.699814177863566e-05
125,2020-03-22,21,C3H8,air,N2,289.12325233821576,0.0142200695302097,101325.0,101407.7465364153,3.719759615529152,1.0,0.9798958989678442,0.0015602004132068,0.01,0.0182442211347134,5.909477662388818e-05,1734.6341463414635,1.9944253134244612,2230.7497555245127,1788.0984245757115,987.9466816320848,0.0182442211347134,5.909477662388818e-05
126,2020-03-22,22,C3H8,air,N2,289.4685384816217,0.0143410038825422,101325.0,101434.13189336043,3.6581599096421806,1.0,0.9688601228913776,0.0017087060091008,0.01,0.0184952702246919,5.801283947261461e-05,1823.589743589744,2.204226792811606,2222.481107783929,1784.5703969388842,986.3570312664878,0.0184952702246919,5.801283947261461e-05
127,2020-03-22,23,C3H8,air,N2,289.3652284462902,0.0141511260076564,101325.0,101434.97701360704,3.686923180600979,1.0,0.9776709613191766,0.00153857631979,0.01,0.0182021280901454,5.671887105431553e-05,1808.135593220339,2.1670253207984898,2229.3575271659456,1787.423063360714,987.6500185688354,0.0182021280901454,5.671887105431553e-05
128,2020-03-22,24,C3H8,air,N2,289.2515069367488,0.01420783863717,101325.0,101351.07969422388,3.6986794302253783,1.0,0.981274634116143,0.0015582242520255,0.01,0.0184460062969636,5.883693708587054e-05,1861.780104712042,2.297517167749258,2231.528691527049,1788.41863234287,988.1036904475116,0.0184460062969636,5.883693708587054e-05
129,2020-03-22,25,C3H8,air,N2,289.35256756073835,0.0139952957465046,101325.0,101510.87258755715,3.797162670725229,1.0,0.9739673429837304,0.0015006162876977,0.01,0.0182226227507364,5.551964065609646e-05,1811.2054329371815,2.174389887524692,2226.649571010116,1786.2904503985444,987.1332250297456,0.0182226227507364,5.551964065609646e-05
130,2020-03-22,26,C3H8,air,N2,289.414259489463,0.0140010112306107,101325.0,101372.61519141964,3.7718921071462375,1.0,0.9791047229730092,0.0015518896370938,0.01,0.0182535436553618,5.863373063365582e-05,1792.9411764705883,2.1307577548759458,2230.323318478157,1787.8259139599763,987.837401255658,0.0182535436553618,5.863373063365582e-05
131,2020-03-22,27,C3H8,air,N2,289.2916334726368,0.0141964879888421,101325.0,101420.21362382694,3.708683637307241,1.0,0.9793367017907526,0.0015504413934136,0.01,0.0184464419737558,5.8690618463994165e-05,1789.9328859060402,2.123613559552377,2230.2302382295507,1787.8409331433852,987.840836003468,0.0184464419737558,5.8690618463994165e-05
132,2020-03-22,28,C3H8,air,N2,289.1732397794344,0.0142284629912865,101325.0,101422.04776703012,3.691246096401956,1.0,0.9780583030415788,0.0014851076865702,0.01,0.0182912922932398,5.60519707045204e-05,1823.589743589744,2.204226792811606,2229.440695502481,1787.520950520899,987.68371709928,0.0182912922932398,5.60519707045204e-05
133,2020-03-22,29,C3H8,air,N2,289.2566296567547,0.0140462686588787,101325.0,101384.01800278923,3.668589394206633,1.0,0.9768003795992902,0.001582366905035,0.01,0.0182114294546427,5.624573175706981e-05,1826.7123287671236,2.211781977651621,2228.6602670697607,1787.1541422095638,987.5173584599398,0.0182114294546427,5.624573175706981e-05
134,2020-03-22,30,C3H8,air,N2,289.32052256762955,0.0141775748512655,101325.0,101370.72467414608,3.745369374313601,1.0,0.978614220106682,0.001536313236264,0.01,0.0183867214616291,5.844089316108573e-05,1823.589743589744,2.204226792811606,2229.7911709100144,1787.6339050049576,987.7441918495766,0.0183867214616291,5.844089316108573e-05
135,2020-03-22,31,C3H8,air,N2,289.1889559375858,0.0140234353446019,101325.0,101477.82805609993,3.7573400484574218,1.0,0.9728284877514008,0.0016115780091164,0.01,0.0182442813211945,5.641324282723372e-05,1780.9682804674458,2.1023952390599767,2225.685099013345,1785.9370305995565,986.9603598382104,0.0182442813211945,5.641324282723372e-05
136,2020-03-22,32,C3H8,air,N2,289.08059126631963,0.014181709761548,101325.0,101483.70102199075,3.6804582979024167,1.0,0.9835880453556384,0.0016096205287264,0.01,0.01846498983516,5.758862412542727e-05,1888.141592920354,2.36304021981343,2233.0021083501,1789.1397833248673,988.4348957663074,0.01846498983516,5.758862412542727e-05
137,2020-03-22,33,C3H8,air,N2,289.21764414608384,0.014167811976164,101325.0,101542.46093281636,3.722683395529282,1.0,0.9827476293521572,0.0015326790886021,0.01,0.0186488878350064,5.6795255404416536e-05,1802.027027027027,2.152407991034615,2232.3300632651385,1788.8173990306564,988.297681969627,0.0186488878350064,5.6795255404416536e-05
138,2020-03-22,34,C3H8,air,N2,289.0337543976458,0.0141525614426299,101325.0,101388.39782055512,3.686499662557239,1.0,0.9821649964814796,0.0015122991412515,0.01,0.0186560324746749,6.061177818343928e-05,1820.4778156996588,2.1967102533807976,2231.8088573516834,1788.6304135744665,988.1929232021968,0.0186560324746749,6.061177818343928e-05
139,2020-03-22,35,C3H8,air,N2,289.0294960046737,0.0141433327736535,101325.0,101362.1379067042,3.711540215918087,1.0,0.9834939912424258,0.0015110319710229,0.01,0.0186567753954256,5.592576429208497e-05,1918.705035971223,2.440160687108386,2232.6835799030173,1789.023818820189,988.3754229183749,0.0186567753954256,5.592576429208497e-05
140,2020-03-22,36,C3H8,air,N2,289.09547409137747,0.0138443224230462,101325.0,101432.99505821224,3.723294260309969,1.0,0.9764145915095312,0.0015448213179639,0.01,0.0185440761090562,5.861636142714557e-05,1805.07614213198,2.159698106023387,2227.9576919345463,1786.9310357169986,987.4102659091894,0.0185440761090562,5.861636142714557e-05
141,2020-03-22,37,C3H8,air,N2,288.9307346039667,0.0141755648356396,101325.0,101353.4416182292,3.637729203976231,1.0,0.9786045757427736,0.001527388218035,0.01,0.0184519757207312,5.821490800150639e-05,1802.027027027027,2.152407991034615,2229.5209900847285,1787.635171584391,987.7203427646896,0.0184519757207312,5.821490800150639e-05
142,2020-03-22,38,C3H8,air,N2,288.945708224581,0.0142307591316055,101325.0,101453.33173795156,3.724987702828065,1.0,0.9801785519486096,0.0015592202915645,0.01,0.0186480110347731,5.932413970870399e-05,1881.4814814814813,2.3463991432675555,2230.437897007256,1788.0529456601091,987.9212051231405,0.0186480110347731,5.932413970870399e-05
143,2020-03-22,39,C3H8,air,N2,288.8772728927442,0.0139973995162577,101325.0,101432.18928820196,3.727216844215318,1.0,0.9762270830527784,0.0016083898941709,0.01,0.018657249297981,5.832534442127051e-05,1888.141592920354,2.36304021981343,2227.5936272657045,1786.8482363831895,987.3609143478732,0.018657249297981,5.832534442127051e-05
144,2020-03-22,40,C3H8,air,N2,288.59806268846444,0.0141853626368683,101325.0,101339.88466574908,3.6749272548604406,1.0,0.9818951456602548,0.0015897724683405,0.01,0.0183368024702463,5.8282906511268925e-05,1814.2857142857144,2.181792060512846,2231.7455648968617,1788.697889904438,988.1909391428528,0.0183368024702463,5.8282906511268925e-05
145,2020-03-22,41,C3H8,air,N2,288.7395600096834,0.0139888216526002,101325.0,101375.68837663071,3.710136811858155,1.0,0.977929298708842,0.0015645359497068,0.01,0.0185301537556492,5.772945929935308e-05,1814.2857142857144,2.181792060512846,2228.871854282566,1787.419071856765,987.611917830312,0.0185301537556492,5.772945929935308e-05
146,2020-03-22,42,C3H8,air,N2,288.559404794012,0.0142592177839818,101325.0,101473.42264930771,3.653856270644088,1.0,0.978503870603893,0.0015497793322192,0.01,0.0183822652632018,5.695729839842684e-05,1836.144578313253,2.2346820698183434,2229.3708503184043,1787.6802699810787,987.7213755852832,0.0183822652632018,5.695729839842684e-05
147,2020-03-22,43,C3H8,air,N2,288.60745176586903,0.0141493298935285,101325.0,101501.49472114668,3.695167229812044,1.0,0.9778615200710956,0.0015749245543222,0.01,0.0182759131219407,5.959221687238567e-05,1871.578947368421,2.32176520212356,2229.059720925251,1787.5253689008482,987.6548193163724,0.0182759131219407,5.959221687238567e-05
148,2020-03-22,44,C3H8,air,N2,288.6108017639298,0.0141991813864708,101325.0,101378.13991909294,3.651240625251289,1.0,0.9779148939558592,0.001560766287601,0.01,0.0182705673972146,5.897631439847582e-05,1832.9896907216496,2.227009347344594,2229.077300896096,1787.5236878709975,987.6493051208596,0.0182705673972146,5.897631439847582e-05
149,2020-03-22,45,C3H8,air,N2,288.4695591816636,0.0142205798855789,101325.0,101386.68415188638,3.650413039793516,1.0,0.9806031329859972,0.0015867946362963,0.01,0.0185766320010178,5.8042216259138646e-05,1792.9411764705883,2.1307577548759458,2230.5598399880982,1788.2362371125832,987.9729376546388,0.0185766320010178,5.8042216259138646e-05
150,2020-03-22,46,C3H8,air,N2,288.6922628870733,0.0141418131141286,101325.0,101445.8988650086,3.688291370241912,1.0,0.9745828934426228,0.0015036239099438,0.01,0.0184761683435243,5.619275402433554e-05,1783.9464882943143,2.1094325403797445,2226.495844999353,1786.4277583621104,987.155038587358,0.0184761683435243,5.619275402433554e-05
151,2020-03-22,47,C3H8,air,N2,288.785302708224,0.0141610326183451,101325.0,101453.40759519876,3.6736347426157,1.0,0.9768383214845122,0.001514461175794,0.01,0.0182169656042649,5.682031567289234e-05,1778.0,2.0953930949165533,2228.467134629353,1787.212914809708,987.5192037696291,0.0182169656042649,5.682031567289234e-05
152,2020-03-22,48,C3H8,air,N2,288.8639342160184,0.0140694077406871,101325.0,101424.68988379031,3.6260165098425774,1.0,0.9721455479691417,0.001517595850967,0.01,0.0183826847949663,5.409256234069761e-05,1865.034965034965,2.305557466654682,2224.847097357501,1785.6899196778377,986.8260328350018,0.0183826847949663,5.409256234069761e-05
153,2020-04-13,0,C3H8,air,,288.1794773283087,0.0148572532133248,101325.0,101628.08966259305,3.745488625516713,1.0,0.981506201739382,0.0013670143486369,0.0,0.0005522382071375,5.475603014135175e-05,1832.9896907216496,2.227009347344594,2250.5742926807834,1795.5136439309254,991.124130202976,0.0005522382071375,5.475603014135175e-05
154,2020-04-13,2,C3H8,air,,289.48737166045515,0.014809787514405,101325.0,101327.30942205244,3.8145540456537503,1.0,0.9907206867256676,0.0013378450654408,0.0,0.0003953264893521,0.0001499680180343,1865.034965034965,2.305557466654682,2256.788269870767,1798.0767032557617,992.4121779258986,0.0003953264893521,0.0001499680180343
155,2020-04-13,3,C3H8,air,,290.186165949255,0.0148250822203254,101325.0,101440.32512013346,3.675851146166917,1.0,0.9829667135579332,0.0013259070729525,0.0,0.0002707542122551,5.3221170257628496e-05,1964.6408839779008,2.558399432149785,2252.4234813973344,1795.7509716493662,991.3539068166264,0.0002707542122551,5.3221170257628496e-05
156,2020-04-13,4,C3H8,air,,290.2944805457769,0.0147514304143659,101325.0,101432.98015971252,3.706647359929649,1.0,0.9983166075810924,0.0014526372025234,0.0,0.0004934936890008,5.584131315278674e-05,1805.07614213198,2.159698106023387,2261.2723610253097,1800.1995279015596,993.4971159495374,0.0004934936890008,5.584131315278674e-05
157,2020-04-13,5,C3H8,air,,290.34587044547794,0.0144205525495127,101325.0,101456.65035035838,3.6761333659187554,1.0,0.9995557570708002,0.0015093448468392,0.0,0.0010811954965025,5.5481198991457785e-05,1817.376490630324,2.189232096241835,2261.915528403344,1800.5477266209684,993.6720054956776,0.0010811954965025,5.5481198991457785e-05
158,2020-04-13,6,C3H8,air,,290.63726070132515,0.0145588686994715,101325.0,101402.45984355255,3.758634643901369,1.0,1.00279400207338,0.0015382428752696,0.0,0.0011597401075127,5.731130658653934e-05,1778.0,2.0953930949165533,2263.567789994578,1801.4167121076148,994.1176591772949,0.0011597401075127,5.731130658653934e-05
159,2020-04-13,7,C3H8,air,,291.0753771877944,0.0145159177364686,101325.0,101397.49909802202,3.7541817143905503,1.0,1.0014456461055834,0.0014505173852504,0.0,0.0011368172724008,5.754651140853554e-05,1786.9346733668342,2.1165052346320032,2263.143629920363,1801.0036852230824,993.9412743579102,0.0011368172724008,5.754651140853554e-05
160,2020-04-13,8,C3H8,air,,291.537931977699,0.0146409437747163,101325.0,101494.35504158228,3.682927280816409,1.0,0.9963495291048856,0.0015145426884877,0.0,0.0006677416142223,5.78971963275176e-05,1901.6042780748664,2.3968578968989687,2260.859790812606,1799.546542852846,993.2612165678272,0.0006677416142223,5.78971963275176e-05
161,2020-04-13,9,C3H8,air,,291.8630963338395,0.0144156640861398,101325.0,101430.85934686851,3.699336378089398,1.0,1.0032833975881723,0.0014806977930476,0.0,0.0012443553289074,5.8563898324660754e-05,1839.3103448275865,2.2423945129903373,2264.362800936466,1801.451685558622,994.2163036865778,0.0012443553289074,5.8563898324660754e-05
162,2020-04-13,10,C3H8,air,,292.13465424517835,0.0145379401881975,101325.0,101475.04522104208,3.716596644536547,1.0,0.996815910817504,0.001464721812834,0.0,0.00064673648454,5.845651922401952e-05,1798.9881956155143,2.145154725791786,2261.372430053095,1799.624737124353,993.3373209163256,0.00064673648454,5.845651922401952e-05
163,2020-04-13,11,C3H8,air,,292.5421090087242,0.0142078851197601,101325.0,101401.64906946584,3.719081855168148,1.0,1.0022889236304469,0.0015681622299979,0.0,0.0011854100407832,5.858276898450048e-05,1836.144578313253,2.2346820698183434,2264.214283031426,1801.113114079149,994.0920553480169,0.0011854100407832,5.858276898450048e-05
164,2020-04-14,0,C3H8,air,CO2,287.71956977034165,0.0146527992399668,101325.0,101350.08149473474,3.748893135076525,1.0,0.9764580921129646,0.0015615214925168,0.01,0.0097944110763166,5.438904177825692e-05,1795.959595959596,2.137938062357459,2227.6864288328734,1780.2786400536947,982.8862181911784,0.0097944110763166,5.438904177825692e-05
165,2020-04-14,1,C3H8,air,CO2,288.2841305573095,0.014513020531234,101325.0,101407.75028947262,3.660736647864881,1.0,0.9958154778117948,0.0015712729560434,0.01,0.0104419500279938,6.11742717936833e-05,1757.495881383855,2.0473430900069283,2238.741125934277,1785.0256726949467,985.1493821557548,0.0104419500279938,6.11742717936833e-05
166,2020-04-14,3,C3H8,air,CO2,289.41982184682473,0.0143302006285509,101325.0,101402.72744790466,3.834953402443662,1.0,1.004276917333231,0.0017095694835469,0.01,0.0107008261731411,6.965069979945329e-05,1717.8743961352657,1.9560718755785045,2242.885202240494,1786.9202735765698,986.0793555741684,0.0107008261731411,6.965069979945329e-05
167,2020-04-14,5,C3H8,air,CO2,290.8531615608945,0.014232378236729,101325.0,101333.79845797106,3.691102326093311,1.0,0.9995695482995062,0.001704462927048,0.01,0.010166501843222,6.843512382363879e-05,1795.959595959596,2.137938062357459,2242.3752584795207,1786.2332258482077,985.87202447153,0.010166501843222,6.843512382363879e-05
168,2020-04-14,8,C3H8,air,CO2,291.78781461891504,0.0138797907343744,101325.0,101479.18143127624,3.652132397198296,1.0,0.9810050764851272,0.0015830925847103,0.01,0.0097047605551919,6.332256777631061e-05,1789.9328859060402,2.123613559552377,2232.9683094677266,1781.4597600451186,983.7028765234254,0.0097047605551919,6.332256777631061e-05
169,2020-04-14,10,C3H8,air,CO2,292.7968119237452,0.0142434356875241,101325.0,101367.5590272527,3.757245402606937,1.0,0.9939677544761204,0.0016451464131436,0.01,0.0103716893845853,6.331393117577114e-05,1751.7241379310344,2.0339179256148574,2239.993040315806,1784.2137082962647,984.9976503191988,0.0103716893845853,6.331393117577114e-05
170,2020-04-14,11,C3H8,air,CO2,293.1910872981816,0.0131930903174974,101325.0,101380.9336721354,3.7518576302801527,1.0,0.996115411375479,0.0015970914394988,0.01,0.0098946197895168,6.505257062693535e-05,1720.645161290323,1.9623868734910757,2242.2544273863605,1785.4545715710628,985.6656554052412,0.0098946197895168,6.505257062693535e-05
171,2020-04-14,12,C3H8,air,CO2,293.57000536433816,0.0138946873834204,101325.0,101364.72421803902,3.7304073019653696,1.0,0.9876813465431832,0.0015080607400959,0.01,0.0097545091025065,6.004472746262358e-05,1798.9881956155143,2.145154725791786,2237.935904712532,1783.1959621305955,984.619323764824,0.0097545091025065,6.004472746262358e-05
172,2020-04-14,13,C3H8,air,CO2,293.82079535223335,0.0139986293089731,101325.0,101377.61426362536,3.8435978135176967,1.0,0.9885913244792428,0.0015352002082834,0.01,0.0101306212485628,6.206009762337527e-05,1778.0,2.0953930949165533,2237.874134048729,1782.9195161130167,984.4729367536248,0.0101306212485628,6.206009762337527e-05
173,2020-04-15,2,C3H8,air,CO2,289.4440883580536,0.0141390689083466,101325.0,101424.27636512303,3.764053387598671,1.0,1.00034031869114,0.0017219434121777,0.01,0.0103978730019848,7.017411043921555e-05,1789.9328859060402,2.123613559552377,2241.66565359808,1786.2593192850295,985.8520423702562,0.0103978730019848,7.017411043921555e-05
174,2020-04-15,3,C3H8,air,CO2,289.8313235339103,0.0140522822619023,101325.0,101387.28509595637,3.767104374068559,1.0,1.0001275310026694,0.0017795392883215,0.01,0.0101947919836717,7.267404721431633e-05,1760.3960396039604,2.0541055729012467,2242.1280850535354,1786.4440435894298,985.9065663591329,0.0101947919836717,7.267404721431633e-05
175,2020-04-15,4,C3H8,air,CO2,290.1081765912457,0.014106247080956,101325.0,101374.19591087976,3.9565903021369375,1.0,1.003473758067709,0.0018433016380473,0.01,0.0102086531886977,7.382619056232712e-05,1775.0415973377703,2.088425874153061,2243.793935330602,1787.3226930629792,986.3518043863832,0.0102086531886977,7.382619056232712e-05
176,2020-04-15,5,C3H8,air,CO2,290.4755860591676,0.0144920484153014,101325.0,101376.83112568715,3.8025987529282426,1.0,0.9937171851025918,0.0016838591518819,0.01,0.0100811748640548,6.828687247286467e-05,1760.3960396039604,2.0541055729012467,2239.3308308003825,1784.742217262428,985.129392154804,0.0100811748640548,6.828687247286467e-05
177,2020-04-15,6,C3H8,air,CO2,290.78763776147576,0.01402585364476,101325.0,101421.24628320528,3.739407223813312,1.0,0.9958010290059576,0.0017431665686988,0.01,0.010572266510137,7.03498911250222e-05,1748.8524590163934,2.0272548083041237,2239.658963637773,1784.631845398448,985.0595685147262,0.010572266510137,7.03498911250222e-05
178,2020-04-15,7,C3H8,air,CO2,291.2783881155147,0.0139977602833964,101325.0,101472.12181693238,3.6852554408082168,1.0,0.9933012403239424,0.0017336888089517,0.01,0.0100946039152963,6.71152238800259e-05,1760.3960396039604,2.0541055729012467,2239.476001564029,1784.5531040472977,985.0941615674752,0.0100946039152963,6.71152238800259e-05
179,2020-04-15,8,C3H8,air,CO2,291.64128506414426,0.0140510616940033,101325.0,101441.48743057896,3.75249243251118,1.0,0.987998210282742,0.0016872444970612,0.01,0.0101966440786268,6.42430082807298e-05,1778.0,2.0953930949165533,2236.3757686916806,1782.8470861222995,984.2899450615798,0.0101966440786268,6.42430082807298e-05
180,2020-04-15,9,C3H8,air,CO2,291.7051770433677,0.0125526563891652,101325.0,101460.70626791412,3.6890356683034913,1.0,0.9972048791187677,0.0017785654888235,0.01,0.0102856926496161,6.74534505807884e-05,1789.9328859060402,2.123613559552377,2241.3859824206684,1785.355137186581,985.495128703962,0.0102856926496161,6.74534505807884e-05
181,2020-04-15,11,C3H8,air,CO2,292.2096748748809,0.0140971414547607,101325.0,101420.318368242,3.711141206787605,1.0,0.9862859504315116,0.0017111347076258,0.01,0.0102754604430305,6.490566963042327e-05,1805.07614213198,2.159698106023387,2235.4403975747155,1782.1866393104574,984.0072400513134,0.0102754604430305,6.490566963042327e-05
182,2020-04-16,1,C3H8,air,,289.622053528685,0.0144557209087302,101325.0,101338.29336949138,3.601790925789815,1.0,1.0011091765147735,0.0016350366124708,0.0,0.0020152604110157,6.390802277813035e-05,1826.7123287671236,2.211781977651621,2262.298665013054,1801.024761109449,993.855465712549,0.0020152604110157,6.390802277813035e-05
183,2020-04-16,5,C3H8,air,,292.44205992464254,0.0145545301226807,101325.0,101354.79567577936,3.623962257696828,1.0,1.0001659386666506,0.001841040729706,0.0,0.0019831426403012,6.837903918264174e-05,1680.0,1.8707706966829367,2263.1541806967302,1800.522051713506,993.7925075204904,0.0019831426403012,6.837903918264174e-05
184,2020-04-16,10,C3H8,air,,295.2148170841933,0.0147788932477972,101325.0,101337.54298550704,3.763182317443754,1.0,0.996114941483878,0.0017006977320895,0.0,0.0009153048125622,6.544028257272566e-05,1811.2054329371815,2.174389887524692,2262.400507461118,1799.1404929124324,993.2975251861304,0.0009153048125622,6.544028257272566e-05
185,2020-04-27,0,C3H8,air,N2,290.49678736851354,0.0141067044426167,101325.0,101396.38409884316,18.76811787730634,1.0,0.95615147521293,0.001347850197417,0.01,0.0175994726526563,4.8851337181311975e-05,1729.011345218801,1.9815164456287624,2213.3147252154845,1780.7209864655492,984.697930410337,0.0175994726526563,4.8851337181311975e-05
186,2020-04-27,1,C3H8,air,N2,291.0587130143897,0.0130985199382397,101325.0,101453.69078042472,36.64722153850455,1.0,0.9844456899936332,0.0014899278845158,0.01,0.0178724145011067,5.1876814723032585e-05,1775.0415973377703,2.088425874153061,2235.1387539199604,1789.4527172795038,988.6973153443472,0.0178724145011067,5.1876814723032585e-05
187,2020-04-27,4,C3H8,air,N2,293.001657623227,0.0136977827117672,101325.0,101473.28992755718,49.82302636153079,1.0,0.9849261248036808,0.0014929925775795,0.01,0.0189664637070165,5.3899288203399365e-05,1839.3103448275865,2.2423945129903373,2235.229746890772,1789.0272416896255,988.6375654285764,0.0189664637070165,5.3899288203399365e-05
188,2020-04-27,7,C3H8,air,N2,294.3471002427119,0.0122267574484898,101325.0,101388.3750747538,8.22400073968639,1.0,0.9866737424338649,0.0014978881691834,0.01,0.0182527722041134,5.540164131949484e-05,1775.0415973377703,2.088425874153061,2237.720371306439,1789.6896439096172,989.0209070238986,0.0182527722041134,5.540164131949484e-05
189,2020-04-27,8,C3H8,air,N2,294.5869457671068,0.0127434701796238,101325.0,101491.61599219202,48.71933567500555,1.0,0.9903475964937886,0.0017167650675645,0.01,0.0186148101368769,5.638331284274826e-05,1786.9346733668342,2.1165052346320032,2239.7070057213728,1790.6234512113092,989.4878082063944,0.0186148101368769,5.638331284274826e-05
190,2020-04-28,3,C3H8,air,N2,291.22602223559403,0.0137343752483598,101325.0,101486.1167398161,42.25484820355326,1.0,0.9805658326449184,0.0014940636665215,0.01,0.0185379700108509,5.382832735046098e-05,1780.9682804674458,2.1023952390599767,2231.935811473708,1788.0316547963312,988.0544406208928,0.0185379700108509,5.382832735046098e-05
191,2020-04-28,4,C3H8,air,N2,291.815307896344,0.012796392432735,101325.0,101438.48521226775,31.02102241692821,1.0,0.9821498488974352,0.0014105619225675,0.01,0.0182768679253099,5.157759923200196e-05,1805.07614213198,2.159698106023387,2233.5600688513464,1788.550994713844,988.3281203874856,0.0182768679253099,5.157759923200196e-05
192,2020-04-28,8,C3H8,air,N2,293.9376767825641,0.0124868395754516,101325.0,101396.81012770114,11.367647572416905,1.0,0.9812125881905788,0.001513139579958,0.01,0.0183453661707643,5.193062080011984e-05,1789.9328859060402,2.123613559552377,2233.8746581320625,1788.065313853341,988.2356473708096,0.0183453661707643,5.193062080011984e-05
193,2020-04-28,12,C3H8,air,N2,295.47241554334414,0.0124584102902549,101325.0,101390.10694006334,11.304835161932322,1.0,0.9687056338552196,0.0014357439256793,0.01,0.0184513396697987,4.960937810986479e-05,1729.011345218801,1.9815164456287624,2225.3681441793533,1784.053914534932,986.4923456179802,0.0184513396697987,4.960937810986479e-05
194,2020-04-28,15,C3H8,air,N2,296.2995131344326,0.0129964983222502,101325.0,101553.62297987944,57.66547212589623,1.0,0.9710602477863868,0.0014732978998373,0.01,0.0180632918809239,4.9598396180358704e-05,1715.112540192926,1.9497873113645705,2228.0507704805405,1784.898555112649,986.9304406916656,0.0180632918809239,4.9598396180358704e-05
195,2020-04-29,4,C3H8,air,,292.8554993690729,0.0127764285711875,101325.0,101462.32417675924,33.8630611054516,0.9,0.9139434005980168,0.0014433977822079,0.0,0.0,5.427381470186007e-05,1775.0415973377703,2.088425874153061,2191.5972440884743,1772.235087258469,981.19306546876,0.0,5.427381470186007e-05
196,2020-04-29,5,C3H8,air,,293.3411013558995,0.0136908298233743,101325.0,101469.17998872368,54.47727399125829,0.9,0.8983452233106022,0.0014409928963322,0.0,0.0,5.387337685609059e-05,1808.135593220339,2.1670253207984898,2173.8365996523253,1766.1764688940586,978.7237957186344,0.0,5.387337685609059e-05
197,2020-04-29,7,C3H8,air,,295.3907419464265,0.0136491543012742,101325.0,101502.12477984228,44.17329832764593,0.9,0.8903618679464632,0.0013651625763913,0.0,0.0,5.100427657762202e-05,1848.8734835355283,2.2657729250679512,2165.326770053718,1762.8477417615711,977.4848770802918,0.0,5.100427657762202e-05
198,2020-04-29,12,C3H8,air,,296.3141488572693,0.0129962183580383,101325.0,101391.36068863004,19.80703621641553,0.9,0.8951787241269372,0.0013299908869413,0.0,0.0,5.110834171830929e-05,1685.308056872038,1.8826109879981137,2171.688735559559,1764.703728658605,978.285275606643,0.0,5.110834171830929e-05
199,2020-04-29,14,C3H8,air,,297.0054680985175,0.0136166836055511,101325.0,101442.65451764267,31.99770272075457,0.9,0.8982971624217728,0.0013148818646677,0.0,0.0,4.994823823991197e-05,1805.07614213198,2.159698106023387,2175.8151633681687,1765.9003843616329,978.88016508117,0.0,4.994823823991197e-05
200,2020-04-30,3,C3H8,air,,292.5536101803677,0.01498779037811,101325.0,101322.99681812926,3.929767467942165,0.9,0.907322396968223,0.0013608679217233,0.0,0.0,5.307344186198618e-05,1723.4248788368336,1.9687325019246973,2183.9037693119058,1769.713659343951,980.1250979732672,0.0,5.307344186198618e-05
201,2020-05-01,0,C3H8,air,,287.64412390820587,0.0123514825459841,101325.0,101460.67305904404,37.54250362683912,0.9,0.9047270714335957,0.0013447278204314,0.0,0.0,5.098666599640758e-05,1769.1542288557214,2.074595277262006,2178.220692564201,1769.0801560848658,979.6645009769688,0.0,5.098666599640758e-05
202,2020-05-01,1,C3H8,air,,288.61737895006013,0.0137888376975701,101325.0,101491.6542051381,55.19057196192188,0.9,0.897772542600048,0.0014459339336769,0.0,0.0,5.385278458656489e-05,1740.293637846656,2.007460738299237,2170.520115530416,1766.2805911006512,978.4997164440232,0.0,5.385278458656489e-05
203,2020-05-01,2,C3H8,air,,289.3426511966453,0.0137731329848045,101325.0,101572.2241549807,63.368372973075445,0.9,0.9020843353218564,0.001431746578664,0.0,0.0,5.134925563809023e-05,1772.093023255814,2.081493344913301,2176.070224106992,1767.943311925574,979.3828562076912,0.0,5.134925563809023e-05
204,2020-05-01,3,C3H8,air,,290.0027346344212,0.012560931826887,101325.0,101095.0006396526,103.86308187448452,0.9,0.902474739091177,0.0016468180992183,0.0,0.0,5.133988496240346e-05,1704.153354632588,1.9249495099724725,2176.8236593486035,1767.9804643284715,979.4577909507582,0.0,5.133988496240346e-05
205,2020-05-01,4,C3H8,air,,290.6088414479431,0.0131074264352472,101325.0,101508.16651957872,37.10254101294621,0.9,0.9062541173020936,0.0013439035213341,0.0,0.0,5.137898636174279e-05,1704.153354632588,1.9249495099724725,2181.6344093327684,1769.4677381636193,979.9190307041006,0.0,5.137898636174279e-05
206,2020-05-01,5,C3H8,air,,291.13752883200846,0.0125393859653332,101325.0,101522.43405089076,41.20688089546986,0.9,0.9021100280924476,0.0013903996354287,0.0,0.0,5.1523874783216894e-05,1757.495881383855,2.0473430900069283,2177.0859608395017,1767.8196454234362,979.2763802825356,0.0,5.1523874783216894e-05
207,2020-05-01,6,C3H8,air,,291.5553721013778,0.0130887125217767,101325.0,101548.2625906204,55.54019785057286,0.9,0.9019461203372324,0.0013934738304267,0.0,0.0,5.058453701224114e-05,1798.9881956155143,2.145154725791786,2177.127815624437,1767.729788417401,979.2601451258276,0.0,5.058453701224114e-05
208,2020-05-01,9,C3H8,air,,291.932459091639,0.0127937503137795,101325.0,101431.77281258049,33.26663322389906,0.9,0.906360534869502,0.0013578143810359,0.0,0.0,5.218794366522424e-05,1817.376490630324,2.189232096241835,2182.4712891221247,1769.4031305943463,979.9648409989262,0.0,5.218794366522424e-05
209,2020-05-01,10,C3H8,air,,291.8112087909862,0.0130840849910725,101325.0,101471.068345146,46.55462360402972,0.9,0.9075121845905956,0.001435700048999,0.0,0.0,5.200278709895832e-05,1858.5365853658536,2.2895188546963863,2183.73960461737,1769.8616388029764,980.1489837176158,0.0,5.200278709895832e-05
210,2020-05-01,11,C3H8,air,,291.9383651506544,0.0127936368567037,101325.0,101410.9223051905,19.79730195779679,0.9,0.9015837950910204,0.001346426889787,0.0,0.0,5.279186584168174e-05,1990.2985074626863,2.6256596477846155,2176.89188647586,1767.5410248318574,979.2025766252692,0.0,5.279186584168174e-05
211,2020-05-01,12,C3H8,air,,292.08174928044497,0.0122685804970107,101325.0,101136.41301021435,91.89326464252696,0.9,0.9097819921412306,0.001601311207416,0.0,0.0,5.4290818146537135e-05,1836.144578313253,2.2346820698183434,2186.432122219825,1770.6633301499037,980.482913294626,0.0,5.4290818146537135e-05
212,2020-07-09,0,C3H8,air,CO2,296.8984145213865,3.4873852921560373,101325.0,101375.99155985044,4.306229136393744,0.9,0.8898973050339172,0.0012805857695523,0.01,0.0097544492397085,4.91893597482444e-05,1487.8661087866108,1.467336422623366,2145.696178949697,1749.0211030610526,970.1356487036762,0.0097544492397085,4.91893597482444e-05
213,2020-07-09,2,C3H8,air,CO2,297.5721614153365,3.4873852436276294,101325.0,101385.24366827996,2.754170974603292,0.9,0.890689752628425,0.0013192402368934,0.01,0.0095129223574775,4.9321055265118834e-05,1677.3584905660375,1.8648923949061988,2147.5519663820032,1749.6307867892756,970.4650092758096,0.0095129223574775,4.9321055265118834e-05
214,2020-07-09,4,C3H8,air,CO2,299.87128019981986,3.487385283808227,101325.0,101346.25297637915,4.2386199769737125,0.9,0.8911872108024985,0.0013001024045671,0.01,0.0097526818057908,4.9053613504948456e-05,1674.7252747252746,1.8590417557033148,2148.9826536660016,1749.3453665676795,970.435169426224,0.0097526818057908,4.9053613504948456e-05
215,2020-07-09,5,C3H8,air,CO2,300.56920027131457,3.493192725855385,101325.0,101382.21007951812,4.02447872097723,0.9,0.8897582023808009,0.0012883114076795,0.01,0.0095348107637551,4.9074801982192046e-05,1672.1003134796238,1.8532186057772104,2148.0732932348023,1749.0297963516523,970.3901195334232,0.0095348107637551,4.9074801982192046e-05
216,2020-07-09,6,C3H8,air,CO2,300.98262179260314,3.4931927210980684,101325.0,101367.17610318297,3.331644853314816,0.9,0.8897213461009028,0.0012952005351979,0.01,0.0098699835882072,4.9703876461096105e-05,1690.6497622820918,1.89456404361546,2147.580199235236,1748.524786796025,970.1477965743188,0.0098699835882072,4.9703876461096105e-05
217,2020-07-09,10,C3H8,air,CO2,301.4163354770593,3.4931927313521576,101325.0,101397.97756792633,2.381333640139022,0.9,0.8950413041296685,0.0013373972318592,0.01,0.0098442742370325,4.914720691525123e-05,1677.3584905660375,1.8648923949061988,2154.372278460305,1750.6633751385252,971.1088158962112,0.0098442742370325,4.914720691525123e-05
218,2020-07-13,0,C3H8,air,CO2,293.548884810499,3.493192858075516,101325.0,101353.54396514376,3.7694160274084254,0.9,0.8924154924736573,0.0012893780422212,0.01,0.0098233815653678,4.923301099727292e-05,1646.2962962962963,1.7964618440643203,2146.7403969584366,1750.1573226675337,970.393717611039,0.0098233815653678,4.923301099727292e-05
219,2020-07-13,1,C3H8,air,CO2,294.3495819030345,3.4873852856950696,101325.0,101342.24254993245,2.7624728696154963,0.9,0.8870475031409696,0.0012821972342267,0.01,0.0098127223377912,4.907749122298594e-05,1737.4592833876222,2.000927103125673,2140.5678801260046,1747.9440559042157,969.5492295971138,0.0098127223377912,4.907749122298594e-05
220,2020-07-13,2,C3H8,air,CO2,295.0901383430094,3.487385301337076,101325.0,101350.62555779752,2.345744447510212,0.9,0.8901238453228708,0.0013157337729317,0.01,0.0096075664448879,4.950533226948799e-05,1706.88,1.9311142762751283,2145.2371311758184,1749.4293546429988,970.2287499012564,0.0096075664448879,4.950533226948799e-05
221,2020-07-14,0,C3H8,air,CO2,297.1126043651168,3.493192720711549,101325.0,101411.96166033616,3.877290677960017,0.9,0.8910610622605306,0.0013338298965703,0.01,0.0099947215648146,4.94966210462107e-05,1704.153354632588,1.9249495099724725,2146.768338688434,1749.150639711594,970.1577744943772,0.0099947215648146,4.94966210462107e-05
222,2020-07-14,2,C3H8,air,CO2,298.5673297004226,3.4873852903779183,101325.0,101424.54546480732,2.8714633908530245,0.9,0.8911160514537135,0.0012930482314608,0.01,0.0100856969987172,4.910322220531639e-05,1680.0,1.8707706966829367,2147.4833343084138,1748.954337741885,970.1471374581248,0.0100856969987172,4.910322220531639e-05
223,2020-07-14,3,C3H8,air,CO2,299.1090633144788,3.487385337996028,101325.0,101414.13499156188,2.639318612577044,0.9,0.8886394166421313,0.0012873381350133,0.01,0.0099274197462455,4.95824113756425e-05,1706.88,1.9311142762751283,2145.059756807415,1748.1361614774223,969.8730184616422,0.0099274197462455,4.95824113756425e-05
224,2020-07-14,7,C3H8,air,CO2,301.28278820625843,3.4873852828267538,101325.0,101399.10848081372,2.137684088233463,0.9,0.8908592703785703,0.0013089968667562,0.01,0.0096467103762759,4.9109811553269526e-05,1672.1003134796238,1.8532186057772104,2149.60857323107,1749.274933524992,970.506007933248,0.0096467103762759,4.9109811553269526e-05
225,2020-07-14,9,C3H8,air,CO2,302.5234053362773,3.4931928358494178,101325.0,101384.15053534806,2.094986312320565,0.9,0.8869901983358629,0.0012938026672408,0.01,0.0106141933315413,4.9217760243653255e-05,1656.5217391304348,1.818847445531572,2143.5734479361936,1746.2998988336171,969.2026746626232,0.0106141933315413,4.9217760243653255e-05
226,2020-07-14,13,C3H8,air,CO2,304.1322431800761,3.4873853916927646,101325.0,101392.24403783873,1.7703169579896885,0.9,0.8909114091651271,0.0012845986715627,0.01,0.0101523328166052,4.9175420257698544e-05,1704.153354632588,1.9249495099724725,2150.2694970607845,1748.4144565742,970.4265767016028,0.0101523328166052,4.9175420257698544e-05
227,2020-07-16,0,C3H8,air,N2,299.6359396698345,3.4873853513426742,101325.0,101416.32088219545,3.827031703853054,0.9,0.8860958100093638,0.0013154556011027,0.01,0.0168109415024758,4.960951732499969e-05,1763.3057851239669,2.06090161647418,2142.5867422610763,1754.398039817479,974.2761882066092,0.0168109415024758,4.960951732499969e-05
228,2020-07-16,4,C3H8,air,N2,302.56603308786885,3.4873853055648496,101325.0,101409.39828195164,3.72621848228096,0.9,0.8796426106052793,0.0012933425111888,0.01,0.017138128741035,4.851199877695175e-05,1786.9346733668342,2.1165052346320032,2135.684855742252,1751.4078838339526,973.250853187602,0.017138128741035,4.851199877695175e-05
229,2020-07-16,5,C3H8,air,N2,303.2309943718281,3.4873854448764,101325.0,101396.28734793632,3.446007382197548,0.9,0.8859006294309079,0.0012834219312246,0.01,0.0171460764316284,4.8488360202287926e-05,1682.6498422712934,1.876676835698377,2144.0333919276823,1753.963240181707,974.3023779937288,0.0171460764316284,4.8488360202287926e-05
230,2020-07-16,6,C3H8,air,N2,303.4949912047523,3.487385340987137,101325.0,101395.52897123023,2.999970873371775,0.9,0.8890483629169068,0.0013100279418826,0.01,0.0169049296509757,4.8570572046671694e-05,1693.3333333333333,1.9005833060467996,2148.4211261968085,1755.329020072352,974.8644961689226,0.0169049296509757,4.8570572046671694e-05
231,2020-07-16,8,C3H8,air,N2,304.57248928744514,3.4931929169858624,101325.0,101383.88969364714,2.573943365852917,0.9,0.8796164099812263,0.0012949359620134,0.01,0.0170546917747758,4.858053118468855e-05,1669.483568075117,1.847422773185752,2136.932128161632,1751.3057883254792,973.3176686567136,0.0170546917747758,4.858053118468855e-05
232,2020-07-16,9,C3H8,air,N2,304.49321059991087,3.4931927633304967,101325.0,101381.06418538225,2.365413693564623,0.9,0.8831602491897276,0.0012907363161594,0.01,0.0170177411285516,4.862031657830652e-05,1698.7261146496814,1.9127082086747271,2141.455639258973,1752.801512267661,973.9118289100484,0.0170177411285516,4.862031657830652e-05
233,2020-07-17,2,C3H8,air,N2,296.2780720660683,3.4873852443241167,101325.0,101351.602427427,4.754996572170694,0.9,0.8855071454340441,0.0013097315947764,0.01,0.017022979480164,4.8693089973664935e-05,1677.3584905660375,1.8648923949061988,2139.618214897799,1754.2720490969305,974.0352213524336,0.017022979480164,4.8693089973664935e-05
234,2020-07-17,6,C3H8,air,N2,297.5431335738289,3.493192828162148,101325.0,101389.4031263166,4.359902394898084,0.9,0.8821687619343218,0.0012843433914559,0.01,0.0169919954641366,4.8437866452392775e-05,1709.6153846153843,1.9373087046196265,2136.143735160728,1752.8230055366012,973.6536921515722,0.0169919954641366,4.8437866452392775e-05
235,2020-07-17,7,C3H8,air,N2,297.88404928511954,3.493192901778896,101325.0,101385.75363270308,3.807836084086612,0.9,0.8840781729582219,0.001313732533694,0.01,0.0169206188568724,4.84808003926628e-05,1664.2745709828394,1.83591237893692,2138.8684256035804,1753.6247012835472,973.8652277120927,0.0169206188568724,4.84808003926628e-05
236,2020-07-17,9,C3H8,air,N2,298.19941028174657,3.493193040306778,101325.0,101406.44446626636,3.426652878535564,0.9,0.8841450721899803,0.0012963235100769,0.01,0.0168669459224857,4.8412354976589854e-05,1690.6497622820918,1.89456404361546,2139.205297207782,1753.6566998593762,973.9005370703496,0.0168669459224857,4.8412354976589854e-05
237,2020-07-17,10,C3H8,air,N2,298.71540587288604,3.487385342791247,101325.0,101396.54382112338,3.28394015595345,0.9,0.8866300787219019,0.0012856105402969,0.01,0.0171629978503608,4.848340161796063e-05,1715.112540192926,1.9497873113645705,2142.299935450096,1754.5363844070537,974.27579079973,0.0171629978503608,4.848340161796063e-05
238,2020-07-17,13,C3H8,air,N2,299.420632115799,3.4931929406713795,101325.0,101383.05416060128,2.731780416289438,0.9,0.8846813384696032,0.0012884032835122,0.01,0.0171025826028931,4.840180866387892e-05,1687.9746835443038,1.8885733310216104,2140.315769925578,1753.7094411963933,973.9873768191528,0.0171025826028931,4.840180866387892e-05
239,2020-07-17,14,C3H8,air,N2,299.6406052239709,3.4931935464760064,101325.0,101386.90155738432,2.5906183499113444,0.9,0.8854749979213732,0.0013018745020399,0.01,0.0170067492965748,4.84942598788274e-05,1677.3584905660375,1.8648923949061988,2141.566015555696,1754.0617833928773,974.1415502463608,0.0170067492965748,4.84942598788274e-05
240,2020-07-17,15,C3H8,air,N2,300.2265306679307,3.4873854196584824,101325.0,101397.83767502522,2.7077268649988246,0.9,0.8831992930175759,0.0012850544106393,0.01,0.0171393990372731,4.879466911053042e-05,1712.3595505617975,1.9435329856052264,2138.86007707442,1753.0328013665626,973.7613213588836,0.0171393990372731,4.879466911053042e-05
241,2020-07-17,17,C3H8,air,N2,298.8154905083346,3.4873852874784554,101325.0,101402.12725462252,2.4982763469713647,0.9,0.8840466600727528,0.0012906786969041,0.01,0.0172260439105454,4.8475538840808045e-05,1677.3584905660375,1.8648923949061988,2139.008506744508,1753.4381940463638,973.8434208599944,0.0172260439105454,4.8475538840808045e-05
242,2020-07-17,19,C3H8,air,N2,299.03366735807134,3.4873853128910297,101325.0,101397.19898981295,2.2873161462430813,0.9,0.8848610755988211,0.001310598954233,0.01,0.0170711815346057,4.837630236057062e-05,1754.6052631578948,2.0406139471789606,2140.356955782898,1753.8217749585515,974.0093903309628,0.0170711815346057,4.837630236057062e-05
243,2020-08-03,5,C3H8,air,CO2,300.1520763772865,3.487385338508694,101325.0,101457.72818763064,3.4174285071295976,1.0,0.9827414462462748,0.0012975674921309,0.02,0.0194968561996207,4.820613879664877e-05,1696.0254372019078,1.906631300016869,2219.1224809936552,1767.792142924242,976.8096469645012,0.0194968561996207,4.820613879664877e-05
244,2020-08-03,7,C3H8,air,CO2,301.2103124145038,3.487385262124365,101325.0,101431.36306237485,3.2865865337474225,1.0,0.9799338932224168,0.0013482685131632,0.02,0.019446154412211,4.898407362270757e-05,1682.6498422712934,1.876676835698377,2217.856974299288,1766.941176366488,976.4824031370648,0.019446154412211,4.898407362270757e-05
245,2020-08-03,8,C3H8,air,CO2,302.1714645862464,3.48738523841142,101325.0,101423.6712077348,3.063167026700897,1.0,0.9807621854363782,0.0013147435956761,0.02,0.0195987357848038,4.88759478943137e-05,1780.9682804674458,2.1023952390599767,2218.581598014689,1766.9005296810826,976.5081087712242,0.0195987357848038,4.88759478943137e-05
246,2020-08-03,10,C3H8,air,CO2,302.8265192009516,3.487385320976752,101325.0,101426.42421330992,2.5698376201582764,1.0,0.9803995631325254,0.001294880149427,0.02,0.0194818291024239,4.8070853443865816e-05,1734.6341463414635,1.9944253134244612,2218.880872211683,1766.901002566011,976.5663930076392,0.0194818291024239,4.8070853443865816e-05
247,2020-08-03,12,C3H8,air,CO2,304.0230533927852,3.4873853164252115,101325.0,101433.608962061,2.32665557739418,1.0,0.9790226608649965,0.0013178597228459,0.02,0.0196845185469857,4.873243562702336e-05,1751.7241379310344,2.0339179256148574,2218.1351813352885,1766.1198674726277,976.2589662793204,0.0196845185469857,4.873243562702336e-05
248,2020-08-03,13,C3H8,air,CO2,304.3410915363031,3.487385319163034,101325.0,101430.08433608618,2.2116862101807597,1.0,0.9788791899704162,0.0013250422879535,0.02,0.0197198811571516,4.843620276397371e-05,1731.8181818181818,1.9879551625747576,2218.121616975696,1766.0029034063896,976.216877063605,0.0197198811571516,4.843620276397371e-05
249,2020-08-03,14,C3H8,air,CO2,303.9085864083372,3.49319274979704,101325.0,101422.61080106038,2.24675469135416,1.0,0.975530421125506,0.001302115432676,0.02,0.0195865440894477,4.852782018944196e-05,1723.4248788368336,1.9687325019246973,2215.8270394170686,1765.2123720710788,975.8434790485989,0.0195865440894477,4.852782018944196e-05
250,2020-08-04,0,C3H8,air,CO2,298.47728512027453,3.487385504535625,101325.0,101390.4108474833,4.78502545938733,1.0,0.9799422219942524,0.0013122828358843,0.02,0.019766528597762,4.9365526458582186e-05,1751.7241379310344,2.0339179256148574,2215.913464400968,1766.7177328337723,976.171273353607,0.019766528597762,4.9365526458582186e-05
251,2020-08-04,3,C3H8,air,CO2,300.7806039733087,3.48738549985857,101325.0,101465.43129168324,3.8469168454142775,1.0,0.9890128292761478,0.0013462409522367,0.02,0.0199390730497407,5.042023633743037e-05,1743.137254901961,2.01402642725545,2222.484088929668,1768.962736281577,977.3557876783864,0.0199390730497407,5.042023633743037e-05
252,2020-08-04,6,C3H8,air,CO2,302.98637989080515,3.493192910965244,101325.0,101432.97138116397,2.999443820064775,1.0,0.9878129452320354,0.0015725256222877,0.02,0.0198614706931824,5.925989560722773e-05,1836.144578313253,2.2346820698183434,2222.959922000498,1768.540468992049,977.3061447373416,0.0198614706931824,5.925989560722773e-05
253,2020-08-05,0,C3H8,air,CO2,297.73673600433824,3.4931928970095383,101325.0,101470.17077654896,3.7711485914905314,1.0,1.004612926172756,0.0017601011929824,0.02,0.02067044365481,6.203529659577887e-05,1769.1542288557214,2.074595277262006,2227.710214423681,1772.5590916126375,978.837555670726,0.02067044365481,6.203529659577887e-05
254,2020-08-05,2,C3H8,air,CO2,298.52220942959354,3.493192751221238,101325.0,101482.01443843255,3.403333027557609,1.0,0.992547780252616,0.0017855771718011,0.02,0.0201011032983902,6.316261144712754e-05,1786.9346733668342,2.1165052346320032,2223.142906165244,1769.935967689292,977.656019049896,0.0201011032983902,6.316261144712754e-05
255,2020-08-06,0,C3H8,air,CO2,295.3074125669949,3.493192736457197,101325.0,101329.11372566097,3.6402026179365783,1.0,0.9407195744057472,0.0013060820592701,0.02,0.0185063710641209,4.867579940687267e-05,1852.0833333333333,2.2736470213937943,2183.9176884651783,1756.1092785901974,971.6131297580462,0.0185063710641209,4.867579940687267e-05
256,2020-08-06,2,C3H8,air,CO2,296.20445288497444,3.4931927140572934,101325.0,101340.4798394879,2.8618623040390028,1.0,0.9762285009440071,0.0013054621954029,0.02,0.0196751517458067,4.844091521726015e-05,1766.2251655629138,2.0677314431657634,2212.3903292543514,1765.9027131859884,975.6583336712212,0.0196751517458067,4.844091521726015e-05
257,2020-08-06,3,C3H8,air,CO2,297.03249289423184,3.4931928827495566,101325.0,101353.10738795792,2.637481802579159,1.0,0.9755302715388784,0.0012941047046831,0.02,0.0195024896598512,4.815076984491357e-05,1842.487046632124,2.2501469515063754,2212.630700929388,1765.863231463701,975.7130137206252,0.0195024896598512,4.815076984491357e-05
258,2020-08-06,4,C3H8,air,CO2,297.17091157242726,3.493192853852471,101325.0,101367.01309491997,2.638658912826977,1.0,0.9833446090566682,0.0013104326602606,0.02,0.0196193018936636,4.846936169595658e-05,1786.9346733668342,2.1165052346320032,2217.8244013391004,1768.027807336084,976.8746955799382,0.0196193018936636,4.846936169595658e-05
259,2020-08-06,5,C3H8,air,CO2,298.4873609410816,3.493192856003284,101325.0,101362.5291055632,2.3256007663076965,1.0,0.9800394003702144,0.0013163274390609,0.02,0.0195596008130505,4.847725742567879e-05,1763.3057851239669,2.06090161647418,2216.378604696461,1767.0245316355026,976.4071849033156,0.0195596008130505,4.847725742567879e-05
260,2020-08-06,6,C3H8,air,CO2,299.1804775331993,3.493192820895368,101325.0,101365.09795385768,2.086052960913292,1.0,0.9783839410330458,0.0013520594694905,0.02,0.019651577846069,4.900014383935996e-05,1786.9346733668342,2.1165052346320032,2215.4013720799685,1766.3491917698302,976.0600511213836,0.019651577846069,4.900014383935996e-05
261,2020-08-06,7,C3H8,air,CO2,299.51575921885825,3.493192749358336,101325.0,101371.294431526,1.9961980997675035,1.0,0.9833117827161098,0.001295569284952,0.02,0.0196037272698184,4.818988193333858e-05,1798.9881956155143,2.145154725791786,2218.96131829323,1767.8511943922358,976.7828588365018,0.0196037272698184,4.818988193333858e-05
262,2020-08-06,8,C3H8,air,CO2,298.51138312435785,3.4931930171696672,101325.0,101369.9400344853,1.8299815486065008,1.0,0.9751573933552712,0.0013025704690088,0.02,0.0194427378111405,4.8353987578362346e-05,1715.112540192926,1.9497873113645705,2213.201585572873,1765.7164348913852,975.8591848276084,0.0194427378111405,4.8353987578362346e-05
263,2020-08-06,9,C3H8,air,CO2,297.9585930490033,3.493193388624559,101325.0,101370.38244154568,1.6875492395364458,1.0,0.9803739322122064,0.0013108466706327,0.02,0.0196383933555159,4.843452881243865e-05,1751.7241379310344,2.0339179256148574,2216.1990291223788,1767.060006133259,976.4959404466764,0.0196383933555159,4.843452881243865e-05
264,2020-08-06,10,C3H8,air,CO2,297.92810405698884,3.493192940745263,101325.0,101366.36189509268,1.630014874866596,1.0,0.9836204408273824,0.0013126800856872,0.02,0.0194977135864425,4.859597408611042e-05,1740.293637846656,2.007460738299237,2218.6019695214395,1768.2141221356924,976.861614238848,0.0194977135864425,4.859597408611042e-05
265,2020-08-06,11,C3H8,air,CO2,296.8705246544216,3.493192937743671,101325.0,101365.31763630752,1.529575272355296,1.0,0.978517044986154,0.0013211928417613,0.02,0.0196174204807971,4.83094503679142e-05,1669.483568075117,1.847422773185752,2214.441198715927,1766.6209385019054,976.0384253388494,0.0196174204807971,4.83094503679142e-05
266,2020-08-06,12,C3H8,air,CO2,296.76801055465114,3.493192726093896,101325.0,101363.24195162344,1.4571980476316737,1.0,0.9812732262961338,0.0013155209397198,0.02,0.0194879540295001,4.850843512944383e-05,1780.9682804674458,2.1023952390599767,2216.5186808622457,1767.627676497612,976.523151390263,0.0194879540295001,4.850843512944383e-05
267,2020-08-06,13,C3H8,air,CO2,296.12359006391466,3.493192708661381,101325.0,101363.17439035072,1.3786448108546574,1.0,0.977207530460397,0.0012981981900963,0.02,0.0195938794964867,4.8310235013915545e-05,1726.2135922330096,1.975108959295484,2213.2084880452458,1766.319370768906,975.858354107478,0.0195938794964867,4.8310235013915545e-05
268,2020-08-06,14,C3H8,air,CO2,295.3804786837875,3.4873852466992408,101325.0,101361.90444770212,1.3167349459470452,1.0,0.9756159995787584,0.0013025073143582,0.02,0.0194891272044436,4.817669685761326e-05,1823.589743589744,2.204226792811606,2211.916321325362,1766.041201101184,975.6980174711484,0.0194891272044436,4.817669685761326e-05
269,2020-08-07,0,CH4,N2O,N2,296.2999596268804,3.4873853054534814,101325.0,101384.17245307594,3.6105946386577776,1.0,0.7919013497588085,0.0002897756371884,0.15,0.2332793359544337,3.037299323309233e-05,2120.8747514910538,2.981480951942084,2734.8619061124728,2043.4010338369123,1112.0498508666474,0.2332793359544337,3.037299323309233e-05
270,2020-08-07,3,CH4,N2O,N2,298.5762868109224,3.487385366117557,101325.0,101402.06466444489,4.161037934837803,1.0,0.5737838480266774,0.0002673701506841,0.2,0.2713243463149473,2.855349694958488e-05,2035.87786259542,2.747295882269112,2576.3727429408755,1953.531766707197,1068.4703105831543,0.2713243463149473,2.855349694958488e-05
271,2020-08-07,4,CH4,N2O,N2,299.76264189117074,3.487385451052896,101325.0,101383.49161548364,3.9258070889853847,0.7,0.432255952958532,0.0002654127878005,0.2,0.2574146372600787,3.0032635835212094e-05,1939.636363636364,2.49369095593367,2456.0785424484734,1900.805142687476,1044.0589244734788,0.2574146372600787,3.0032635835212094e-05
272,2020-08-07,5,CH4,N2O,N2,300.1044365159586,3.4873852691276723,101325.0,101374.630010543,3.4575386203321528,0.4,0.2730840626813033,0.0002602458330905,0.2,0.2336127210929283,3.31978056813726e-05,1745.9901800327332,2.0206243800106742,2261.577687269362,1827.2138339753617,1011.36391469647,0.2336127210929283,3.31978056813726e-05
273,2020-08-17,7,C3H8,air,,307.37276182078165,3.4873854730024227,101325.0,101416.4900766549,2.8842517518457425,1.0,1.00009338114117,0.0013054463801245,0.0,0.0,0.0,1729.011345218801,1.9815164456287624,2270.021935985946,1799.2509430173618,994.1488436059832,0.0,0.0
274,2020-08-17,11,C3H8,air,,305.54351063278096,3.493192782994655,101325.0,101408.68856278765,2.643451639965307,0.85,0.84755077462245,0.0012894959439183,0.0,0.0,0.0,1783.9464882943143,2.1094325403797445,2115.281137149441,1743.8345408199064,970.6200478955471,0.0,0.0
275,2020-08-18,12,C3H8,air,,303.6094449408814,3.487385342798163,101325.0,101438.61759641807,4.435110355882104,0.85,0.8480074422600382,0.0012757469045993,0.0,0.0,0.0,1751.7241379310344,2.0339179256148574,2114.7377292905576,1744.1503035895214,970.4966795214996,0.0,0.0
276,2020-08-19,0,C3H8,air,,297.05478008238623,3.493192735085988,101325.0,101428.66003398696,3.778440956450837,0.85,0.8432515295561727,0.0012995355002923,0.0,0.0,0.0,1798.9881956155143,2.145154725791786,2104.10811823116,1742.317037488934,969.4173234635572,0.0,0.0
277,2020-08-19,4,C3H8,air,,300.770099828782,3.493193190538161,101325.0,101462.8819358479,2.230934204834131,0.85,0.8498674086582944,0.0013227365056745,0.0,0.0,0.0,1723.4248788368336,1.9687325019246973,2115.580742886604,1745.1523053555188,970.7383560421362,0.0,0.0
278,2020-08-20,0,C3H8,air,CO2,296.88050345420083,3.4873853753288637,101325.0,101338.54691116016,3.738461118968261,1.0,0.9749463904923964,0.0013130928696658,0.02,0.0195923657917249,4.838851850120989e-05,1798.9881956155143,2.145154725791786,2211.9576252859592,1765.5730559497065,975.5652003483292,0.0195923657917249,4.838851850120989e-05
279,2020-08-20,3,C3H8,air,CO2,299.5086388184403,3.48738527322766,101325.0,101335.04923631976,2.426349485177584,1.0,0.9804944697265816,0.0013489620287808,0.02,0.0195189124665945,4.859617902020766e-05,1751.7241379310344,2.0339179256148574,2217.2517673776897,1767.129277607154,976.4536068025074,0.0195189124665945,4.859617902020766e-05
280,2020-08-20,9,C3H8,air,CO2,300.5353157959325,3.493193571063723,101325.0,101363.86022004386,2.261631857961153,1.0,0.9771781309998006,0.0013508184082617,0.02,0.0194009903723129,4.907603603349183e-05,1723.4248788368336,1.9687325019246973,2215.702136127816,1766.221509252673,976.1135935275128,0.0194009903723129,4.907603603349183e-05
281,2020-08-20,11,C3H8,air,CO2,302.94589193513644,3.487385828220812,101325.0,101368.86981649528,1.9922260839141228,1.0,0.9745393120102034,0.0012930981062068,0.02,0.0197454836152727,4.807875160920151e-05,1795.959595959596,2.137938062357459,2214.326910374062,1764.7627349566917,975.5576162486848,0.0197454836152727,4.807875160920151e-05
282,2020-08-20,12,C3H8,air,CO2,303.566902781265,3.4931928040597664,101325.0,101377.07946673578,2.0641280058325244,1.0,0.9738364460837324,0.0013463720368806,0.02,0.0195579957890044,4.904412265875357e-05,1802.027027027027,2.152407991034615,2214.484646961379,1764.7575356165137,975.617471699293,0.0195579957890044,4.904412265875357e-05
283,2020-08-20,15,C3H8,air,CO2,300.1357240126717,3.4873852253782225,101325.0,101397.7565259726,2.244363878698558,1.0,0.9777086694809626,0.0013304496622593,0.02,0.0195457540713963,4.816945360418815e-05,1763.3057851239669,2.06090161647418,2215.60691541955,1766.220239796858,976.0739471626578,0.0195457540713963,4.816945360418815e-05
284,2020-08-20,18,C3H8,air,CO2,299.647811380171,3.493192711955889,101325.0,101400.46878993214,2.1922472695665647,1.0,0.9736208094812568,0.0013058298798246,0.02,0.0196423276316273,4.834350878143691e-05,1778.0,2.0953930949165533,2212.2573138945754,1764.890667423235,975.4211611495432,0.0196423276316273,4.834350878143691e-05
285,2020-08-20,20,C3H8,air,CO2,298.5657967696221,3.4931929846556327,101325.0,101400.30961054128,2.1240035466566365,0.9,0.8904942016665685,0.0012897661118364,0.01,0.0100542309953691,4.961309870655133e-05,1709.6153846153843,1.9373087046196265,2146.778653324459,1748.7441189898557,970.0663283879142,0.0100542309953691,4.961309870655133e-05
286,2020-08-20,21,C3H8,air,CO2,298.21044686787127,3.487385229982199,101325.0,101398.58637221492,2.044090475852592,0.9,0.8936219178429665,0.0012850847607534,0.01,0.0100684474243934,4.919362356703627e-05,1754.6052631578948,2.0406139471789606,2150.376679724814,1750.0017661545612,970.5461255085784,0.0100684474243934,4.919362356703627e-05
287,2020-08-21,0,C3H8,air,N2,296.12729701635885,3.487385311008888,101325.0,101523.05312732072,3.8269463909446135,1.0,0.9641838567430924,0.0013132216041974,0.02,0.0353510113930094,4.674408776291456e-05,1811.2054329371815,2.174389887524692,2203.477716383089,1776.136540454297,983.1205985523344,0.0353510113930094,4.674408776291456e-05
288,2020-08-21,1,C3H8,air,N2,295.789402495062,3.4931927948790045,101325.0,101482.4210696792,4.309188855774915,1.0,0.966261153380096,0.0013412199222217,0.02,0.0355583443096161,4.720795621526232e-05,1868.3012259194395,2.3136400457916184,2204.8056021224925,1776.73964477397,983.3675274376718,0.0355583443096161,4.720795621526232e-05
289,2020-08-21,2,C3H8,air,N2,296.0041053304411,3.493192767985053,101325.0,101495.75910388802,3.368640949701861,1.0,0.9712333324539626,0.0013196023175505,0.02,0.0354499129870045,4.674736708587268e-05,1786.9346733668342,2.1165052346320032,2209.056593539696,1778.33537737441,984.0953384388204,0.0354499129870045,4.674736708587268e-05
290,2020-08-21,3,C3H8,air,N2,296.3355741757948,3.4931928160461765,101325.0,101481.66572692698,3.079930296524792,1.0,0.959343746494812,0.0013108590363535,0.02,0.0356259605952467,4.700313749150802e-05,1729.011345218801,1.9815164456287624,2199.0780646065614,1774.4413526873652,982.3860678022282,0.0356259605952467,4.700313749150802e-05
291,2020-08-21,9,C3H8,air,N2,298.20309015589027,3.4873853491419795,101325.0,101496.64245046023,3.077044860346219,1.0,0.965351182040598,0.0013242612051174,0.02,0.035474416562879,4.6768545017374415e-05,1802.027027027027,2.152407991034615,2205.3768577985225,1776.3019946322013,983.3205921026176,0.035474416562879,4.6768545017374415e-05
292,2020-08-21,12,C3H8,air,N2,299.42323838292907,3.4931936865641315,101325.0,101473.01575351883,3.027772652986088,1.0,0.967321681479509,0.0013222886997837,0.02,0.0353630017069393,4.741906937541209e-05,1754.6052631578948,2.0406139471789606,2207.744975225022,1776.8756785707626,983.6503009907996,0.0353630017069393,4.741906937541209e-05
293,2020-08-21,14,C3H8,air,N2,299.8080654596775,3.4873860791354967,101325.0,101468.87446862162,2.676338429078119,1.0,0.9607508062135136,0.0013008706604449,0.02,0.035350235442918,4.702877564550433e-05,1789.9328859060402,2.123613559552377,2202.4122892474684,1774.7451031169912,982.7287332231112,0.035350235442918,4.702877564550433e-05
294,2020-08-21,16,C3H8,air,N2,299.44128994329435,3.487385303016713,101325.0,101477.62995185112,2.4992851733108337,1.0,0.9641024677632184,0.0013572635540258,0.02,0.0353837068770267,4.728601924972364e-05,1745.9901800327332,2.0206243800106742,2205.059563798673,1775.8416406810888,983.1913941202928,0.0353837068770267,4.728601924972364e-05
295,2020-08-21,21,C3H8,air,N2,296.8133405119181,3.4873852964865613,101325.0,101453.2758510314,2.33892366349479,1.0,0.9608442139065596,0.0013186632175385,0.02,0.035570783589765,4.67186674036178e-05,1740.293637846656,2.007460738299237,2200.6998962172265,1774.91136992781,982.6197442182878,0.035570783589765,4.67186674036178e-05
296,2020-08-21,22,C3H8,air,N2,296.41906379502177,3.487385368557145,101325.0,101452.57470004488,2.245126055018265,1.0,0.9622616100896452,0.0013258394415479,0.02,0.0354258251467053,4.699391668350318e-05,1823.589743589744,2.204226792811606,2201.888518704088,1775.455958210006,982.8348556257108,0.0354258251467053,4.699391668350318e-05
297,2020-08-31,0,C3H8,air,N2,294.22062284965216,3.487385353835649,101325.0,101380.44127296278,3.949558040956816,1.0,0.965949206265586,0.0013305957260164,0.02,0.0353684965068171,4.661434050635838e-05,1757.495881383855,2.0473430900069283,2203.937588826737,1776.816765118779,983.3005254533176,0.0353684965068171,4.661434050635838e-05
298,2020-08-31,1,C3H8,air,N2,294.9471420186751,3.487385368907768,101325.0,101392.1036903729,2.9865158632437594,1.0,0.966566263777641,0.0013353474889746,0.02,0.0358506993948032,4.6616447970064745e-05,1754.6052631578948,2.0406139471789606,2204.2842085100306,1776.773629841184,983.3293848230712,0.0358506993948032,4.6616447970064745e-05
299,2020-08-31,2,C3H8,air,N2,295.7666210859253,3.493192701865558,101325.0,101421.484383895,3.6291286733596326,1.0,0.9543808326981292,0.0013165115030789,0.02,0.035465541903329,4.678063026946291e-05,1805.07614213198,2.159698106023387,2194.465905917454,1772.9002941775236,981.6767586481604,0.035465541903329,4.678063026946291e-05
300,2020-08-31,3,C3H8,air,N2,296.5876939260676,3.487385262947309,101325.0,101452.1631595111,4.213863242133605,1.0,0.9660190065231274,0.0013266320623719,0.02,0.0355405330582653,4.718167516338087e-05,1757.495881383855,2.0473430900069283,2205.025697254672,1776.6043984036392,983.3543805409464,0.0355405330582653,4.718167516338087e-05
301,2020-08-31,5,C3H8,air,N2,297.5241615688444,3.487385243347366,101325.0,101450.0451669849,3.1550525100284093,1.0,0.9551493105279852,0.0013033691778952,0.02,0.0356627317281154,4.669452295435449e-05,1734.6341463414635,1.9944253134244612,2195.8712617632664,1772.9537617296266,981.8073151379098,0.0356627317281154,4.669452295435449e-05
302,2020-08-31,11,C3H8,air,N2,299.72118289696834,3.493192771257073,101325.0,101465.03545838274,2.6874651203069018,1.0,0.9560224848488876,0.0013361420318393,0.02,0.0357720238694307,4.676850055644698e-05,1780.9682804674458,2.1023952390599767,2197.690534085169,1773.0406502491403,981.9787984264724,0.0357720238694307,4.676850055644698e-05
303,2020-08-31,16,C3H8,air,N2,300.03815287429427,3.4873852573283965,101325.0,101463.79428852782,2.3236653590785474,1.0,0.9546769337936334,0.0013087615112547,0.02,0.0357249564268567,4.64895803495126e-05,1792.9411764705883,2.1307577548759458,2196.681984616505,1772.590061226077,981.801720947154,0.0357249564268567,4.64895803495126e-05
304,2020-08-31,17,C3H8,air,N2,299.62641673570613,3.4931927313308493,101325.0,101460.23419296724,2.2398369460841825,1.0,0.9642007105486612,0.0013085018182305,0.02,0.0353343675196858,4.687676089637947e-05,1783.9464882943143,2.1094325403797445,2205.288714022057,1775.875574177063,983.216766553644,0.0353343675196858,4.687676089637947e-05
305,2020-08-31,19,C3H8,air,N2,298.7117446278235,3.493192704746076,101325.0,101454.63536854218,2.2484908533492645,1.0,0.958780140805056,0.0012966938356438,0.02,0.0352971350041182,4.724001908751784e-05,1808.135593220339,2.1670253207984898,2200.173164114511,1774.2031880634036,982.422699254956,0.0352971350041182,4.724001908751784e-05
306,2020-08-31,20,C3H8,air,N2,298.2766729811237,3.4931929396154744,101325.0,101455.80996996968,2.15323038478008,1.0,0.961737017990502,0.0013009991790846,0.02,0.0355487575414794,4.668405574887809e-05,1757.495881383855,2.0473430900069283,2202.253738120904,1775.1002173836691,982.7920973608328,0.0355487575414794,4.668405574887809e-05
307,2020-09-01,1,C3H8,air,N2,298.50623905713,3.48738545465323,101325.0,101475.81674547792,4.891367097488081,1.0,0.956298794723048,0.0012938700633509,0.02,0.0354894448110925,4.68005439515153e-05,1808.135593220339,2.1670253207984898,2197.6304755437413,1773.3323429951447,982.0315891781644,0.0354894448110925,4.68005439515153e-05
308,2020-09-01,3,C3H8,air,N2,300.0263384862792,3.493193038493691,101325.0,101415.53817273084,4.424758478843523,1.0,0.9622966136863156,0.0013255436977241,0.02,0.0352975534713547,4.681635254217148e-05,1763.3057851239669,2.06090161647418,2203.907880540119,1775.240946873051,982.958230946606,0.0352975534713547,4.681635254217148e-05
309,2020-09-01,4,C3H8,air,N2,301.05522945419006,3.49319278070517,101325.0,101421.74635227464,3.691129102242694,1.0,0.9617922649406396,0.0012930988628573,0.02,0.0355067411762152,4.686264729834952e-05,1775.0415973377703,2.088425874153061,2203.770234268657,1774.9217269752266,982.8819744934048,0.0355067411762152,4.686264729834952e-05
310,2020-09-01,5,C3H8,air,N2,302.0834039085414,3.4931927130668554,101325.0,101425.62469113502,3.177677698394958,1.0,0.9601612777952636,0.0013043181139981,0.02,0.0354370133322931,4.710184160978783e-05,1780.9682804674458,2.1023952390599767,2202.965269434681,1774.3445695492564,982.6905570902002,0.0354370133322931,4.710184160978783e-05
311,2020-09-01,9,C3H8,air,N2,304.41710605984724,3.4931927172095785,101325.0,101417.03001002966,2.9617988149478327,1.0,0.9579681213917292,0.0012921932244025,0.02,0.0354438892903196,4.6858520068226966e-05,1789.9328859060402,2.123613559552377,2202.232245718755,1773.4535193070535,982.4422183546512,0.0354438892903196,4.6858520068226966e-05
312,2020-09-01,12,C3H8,air,N2,305.4107696394768,3.487385320117962,101325.0,101415.96899185024,2.6783913028958084,1.0,0.9571007083495968,0.0013007875579892,0.02,0.0352827748773838,4.692932814846506e-05,1789.9328859060402,2.123613559552377,2202.156043684321,1773.158370632677,982.3731019746804,0.0352827748773838,4.692932814846506e-05
313,2020-09-01,13,C3H8,air,N2,305.1961101361966,3.487385264919374,101325.0,101408.5969071165,2.632407685315181,1.0,0.953864264867141,0.0012928376125024,0.02,0.0357524362454429,4.688429339888935e-05,1778.0,2.0953930949165533,2198.587019534096,1771.9243782539,981.8238784124007,0.0357524362454429,4.688429339888935e-05
314,2020-09-01,14,C3H8,air,N2,304.7594454714705,3.4931928244170187,101325.0,101420.4751024923,2.7907109204804987,0.9,0.8809549727103051,0.0013087017514535,0.01,0.0169411200689608,4.913267782988179e-05,1778.0,2.0953930949165533,2138.898210038336,1751.90316955219,973.571198555676,0.0169411200689608,4.913267782988179e-05
315,2020-09-02,3,C3H8,air,N2,305.79922109915526,3.487385434085849,101325.0,101475.39914622728,3.922264919328217,0.9,0.8850940710751264,0.0012824442614275,0.01,0.0171157455598369,4.8100820870351913e-05,1766.2251655629138,2.0677314431657634,2144.560840131928,1753.4959731262315,974.2632458258004,0.0171157455598369,4.8100820870351913e-05
316,2020-09-02,6,C3H8,air,N2,306.754410557848,3.4931930047891746,101325.0,101443.5639219089,3.444381354034547,0.9,0.8864499223546307,0.0012907559443066,0.01,0.0173437746144231,4.863050433470407e-05,1836.144578313253,2.2346820698183434,2146.546915163496,1753.9022491703818,974.5846752588004,0.0173437746144231,4.863050433470407e-05
317,2020-09-02,8,C3H8,air,N2,306.99935479062736,3.493192870699212,101325.0,101453.8813738843,2.8628228599061663,0.9,0.883401167691522,0.0013109805155757,0.01,0.0168881830783258,4.898307130813173e-05,1772.093023255814,2.081493344913301,2143.392413829501,1752.8089688769105,974.0584518114388,0.0168881830783258,4.898307130813173e-05
318,2020-09-02,13,C3H8,air,N2,305.09906146649246,3.4931927798726825,101325.0,101434.3283569551,2.3704557107738635,0.9,0.8843949954787568,0.0012892510986013,0.01,0.0169823769229004,4.838041228416924e-05,1820.4778156996588,2.1967102533807976,2143.423698910128,1753.2963706617936,974.3141707365996,0.0169823769229004,4.838041228416924e-05
319,2020-09-03,0,C3H8,air,N2,298.3672338847517,3.493192737297357,101325.0,101392.5447087514,4.4548005363381415,0.9,0.8873044522406119,0.0012902984037876,0.01,0.0170243219068052,4.865697090183479e-05,1783.9464882943143,2.1094325403797445,2143.11331243756,1754.8887158017098,974.4612848345088,0.0170243219068052,4.865697090183479e-05
320,2020-09-03,11,C3H8,air,N2,307.05316909651367,3.4931927163496304,101325.0,101429.56320041884,2.4192881626408083,0.9,0.8787534089258248,0.0013430194864723,0.01,0.0172579022839542,5.0452719451492194e-05,1792.9411764705883,2.1307577548759458,2137.04782466241,1750.723753567952,973.2302817041602,0.0172579022839542,5.0452719451492194e-05
321,2020-09-04,4,C3H8,air,N2,295.1806543283208,3.493192860159925,101325.0,101435.10104093,3.3581705284962227,0.9,0.8915925237755852,0.0013128941442349,0.01,0.0169188627832328,4.923792045699413e-05,1757.495881383855,2.0473430900069283,2146.766776556515,1756.889829616248,975.0411642023864,0.0169188627832328,4.923792045699413e-05
322,2020-09-04,5,C3H8,air,N2,295.9896488388498,3.493193031190985,101325.0,101443.5476317304,3.0034708674219384,0.9,0.8852891491173102,0.0013090603959598,0.01,0.0170903297969501,4.907997245900457e-05,1720.645161290323,1.9623868734910757,2139.1025595448964,1754.1859460538951,974.1732096099764,0.0170903297969501,4.907997245900457e-05
323,2020-09-04,7,C3H8,air,,297.26818863717864,3.493192696953006,101325.0,101437.01148052502,2.5399851447935804,0.9,0.8994908006951505,0.0012986278598001,0.0,0.0,0.0,1783.9464882943143,2.1094325403797445,2177.3765914983014,1766.3515721382375,979.0203307356556,0.0,0.0
324,2020-09-04,10,C3H8,air,,298.37595492372816,3.487385220570969,101325.0,101442.24607114108,2.0060784992095693,0.9,0.9057769279666864,0.0013006598076203,0.0,0.0,0.0,1737.4592833876222,2.000927103125673,2185.3293908444616,1768.7218993135466,980.0533680867494,0.0,0.0
325,2020-09-04,12,C3H8,air,,298.862196788149,3.487385369198836,101325.0,101442.82218113483,1.7637617900050602,0.9,0.9064746116475734,0.0012953200087717,0.0,0.0,0.0,1760.3960396039604,2.0541055729012467,2186.397831759066,1768.956184671328,980.1759562150588,0.0,0.0
326,2020-09-04,13,C3H8,air,,299.11095265397046,3.4931933537792093,101325.0,101457.16797959284,2.2848650516542666,0.9,0.9028301235983696,0.0013362920295366,0.0,0.0,0.0,1802.027027027027,2.152407991034615,2182.320874903716,1767.531808632155,979.6090506051856,0.0,0.0
327,2020-09-04,19,C3H8,air,,297.6320706042743,3.493192808012014,101325.0,101451.55232791156,1.9174128054503172,0.9,0.9004742005521394,0.0013336494686313,0.0,0.0,0.0,1795.959595959596,2.137938062357459,2178.741942139308,1766.714452986282,979.184148722298,0.0,0.0
328,2020-09-04,21,C3H8,air,,296.2975329500832,3.487385368985024,101325.0,101462.35671556274,1.9496013650248756,0.9,0.9001568882935123,0.0013352525127904,0.0,0.0,0.0,1723.4248788368336,1.9687325019246973,2177.6296672236112,1766.6842482434563,979.1680896624304,0.0,0.0
329,2020-09-17,10,C3H8,air,CO2,298.2733815714977,3.493192766937554,101325.0,101418.67723092808,2.435377398695345,0.9,0.8946141075992694,0.0013405427707923,0.01,0.0095567685231001,5.116035716978424e-05,1743.137254901961,2.01402642725545,2152.661594733306,1751.1003341708554,971.091787944258,0.0095567685231001,5.116035716978424e-05
330,2020-09-18,5,C3H8,air,CO2,294.53348289664365,3.4873852467948674,101325.0,101465.88786345816,3.805054739796528,0.9,0.8899058050833346,0.001295683286925,0.01,0.0098782761564497,4.9622885647561406e-05,1715.112540192926,1.9497873113645705,2144.111270594051,1749.0204868020069,969.9834110200376,0.0098782761564497,4.9622885647561406e-05
331,2020-09-18,8,C3H8,air,CO2,294.001370445751,3.4931927529765945,101325.0,101448.47239213494,3.578526373260856,0.9,0.8875242415560071,0.0013067921941184,0.01,0.0094487185953604,5.007015247918262e-05,1763.3057851239669,2.06090161647418,2141.719552720429,1748.6769698722192,969.8992283996035,0.0094487185953604,5.007015247918262e-05
332,2020-09-18,10,C3H8,air,CO2,294.1365408130705,3.493192748786606,101325.0,101469.4151118236,3.354625175956335,0.9,0.8926965323838588,0.0014082875364924,0.01,0.0098091338215544,5.191106937903719e-05,1766.2251655629138,2.0677314431657634,2147.464451044368,1750.2670173124438,970.4773720470116,0.0098091338215544,5.191106937903719e-05
333,2020-12-22,0,CH4,N2O,N2,290.581117317071,3.487385248286616,101325.0,101348.38545174044,4.201980040793774,1.0,1.0683979175620624,0.000506330201932,0.2,0.3847152127816258,5.798130591753209e-05,1994.018691588785,2.6354843712810845,2660.69249063191,2029.9530548679,1107.381981148309,0.3847152127816258,5.798130591753209e-05
334,2020-12-22,1,CH4,N2O,N2,290.9137874938665,3.493192750045788,101325.0,101379.759834649,4.033426292189424,1.0,1.076379161897275,0.0004624300698019,0.2,0.3843750976325757,5.742940912008367e-05,2005.2631578947369,2.6652916861111677,2661.490801630336,2031.543616843866,1108.2710900992554,0.3843750976325757,5.742940912008367e-05
335,2020-12-22,4,CH4,N2O,N2,291.24333702335025,3.4931927283934403,101325.0,101425.965276254,4.364553767160788,1.0,1.0707869399621637,0.0005031244330094,0.2,0.384597084590277,5.905717170333504e-05,1990.2985074626863,2.6256596477846155,2661.152123127255,2030.396966056015,1107.6620445822668,0.384597084590277,5.905717170333504e-05
336,2020-12-22,5,CH4,N2O,N2,291.0532625516963,3.493192721160407,101325.0,101410.17357667896,4.040457852654952,1.0,1.0740884052185231,0.0005047729347096,0.2,0.3845853800714683,6.1904690505618e-05,1953.8461538461536,2.530362389707139,2661.236423356156,2031.0041626659229,1107.9883485695646,0.3845853800714683,6.1904690505618e-05
337,2020-12-22,6,CH4,N2O,N2,290.8827428963901,3.487385230136596,101325.0,101415.43377110854,3.5654842614238014,1.0,1.067589747095722,0.0004617498659889,0.2,0.3848002146391521,5.79833130748549e-05,1943.169398907104,2.50278371395561,2660.6825347063395,2029.7410759512577,1107.286535716958,0.3848002146391521,5.79833130748549e-05
338,2020-12-22,7,CH4,N2O,N2,290.70512863354014,3.493192724362838,101325.0,101396.58663179724,3.7784521434297824,1.0,1.080926015229229,0.0005427244649546,0.2,0.3849968947187022,5.944225994387813e-05,2001.500938086304,2.655299973493967,2660.895140138997,2031.9798799992277,1108.5326655648053,0.3849968947187022,5.944225994387813e-05
339,2020-12-22,8,CH4,N2O,N2,290.61668135774465,3.4931927663589315,101325.0,101397.26303372016,3.3970137935561,1.0,1.0778832969677068,0.0004916398857773,0.2,0.3847440180731302,6.0648503411281735e-05,1997.752808988764,2.6453643415180745,2661.066391101416,2031.61682604717,1108.3126308323006,0.3847440180731302,6.0648503411281735e-05
340,2020-12-22,9,CH4,N2O,N2,290.4618529427843,3.4931927135911334,101325.0,101403.1837822492,3.162431216684421,1.0,1.0706855287409924,0.0005336595965796,0.2,0.3850596557319763,5.9827031097413085e-05,1982.899628252788,2.606174300278913,2660.420684100884,2030.1750713934373,1107.5149355214314,0.3850596557319763,5.9827031097413085e-05
341,2020-12-22,10,CH4,N2O,N2,290.1318009483372,3.4873852402916605,101325.0,101400.21115169412,2.935197629916796,1.0,1.0674354556668075,0.0005163359631463,0.2,0.3846338322827619,5.6575223270502814e-05,2016.6351606805288,2.695607556326363,2660.649524234861,2029.8959038477915,1107.3228834298118,0.3846338322827619,5.6575223270502814e-05
342,2020-12-22,11,CH4,N2O,N2,290.048308376565,3.493192676311986,101325.0,101393.54254405107,2.8207201626081755,1.0,1.0813172110551952,0.0005151656069918,0.2,0.3840861827372852,6.065035325612308e-05,2043.67816091954,2.7683882876422934,2661.7282084539224,2032.6839072255636,1108.8470206786094,0.3840861827372852,6.065035325612308e-05
343,2020-12-22,12,CH4,N2O,N2,289.87649844964324,3.487385247122301,101325.0,101398.48689524144,2.673877590140054,1.0,1.0819864638235095,0.0005079293126636,0.2,0.3847910028974123,6.127684095947834e-05,2001.500938086304,2.655299973493967,2660.9282435141818,2032.3844640591965,1108.7030185405183,0.3847910028974123,6.127684095947834e-05
344,2020-12-22,13,CH4,N2O,N2,289.7279838149112,3.487385289879195,101325.0,101403.41934720484,2.564044872812441,1.0,1.0698311599242667,0.0004670939340086,0.2,0.3842765937012401,5.620968626904838e-05,2035.87786259542,2.747295882269112,2661.047239537264,2030.5884068024368,1107.6689798299833,0.3842765937012401,5.620968626904838e-05
345,2020-12-23,0,CH4,N2O,N2,287.9154333390914,3.4931926631009227,101325.0,101342.78190392713,4.270505160206911,1.0,1.071922621873103,0.0004731459845887,0.2,0.3846024892766461,5.855971106493869e-05,2051.538461538461,2.789724534652078,2660.263705028495,2030.9458354432056,1107.7791658455203,0.3846024892766461,5.855971106493869e-05
346,2020-12-23,1,CH4,N2O,N2,288.36941838904403,3.493192715282028,101325.0,101365.9740895529,3.796947528865725,1.0,1.07407361395066,0.000491692378586,0.2,0.3857953626050975,6.0709737116584606e-05,1990.2985074626863,2.6256596477846155,2659.170714973887,2030.5432689573613,1107.6347162807594,0.3857953626050975,6.0709737116584606e-05
347,2020-12-23,2,CH4,N2O,N2,288.95903706955005,3.4931927711141486,101325.0,101352.71313691411,3.32084460400706,1.0,1.0793865037737431,0.000566538454428,0.2,0.386176827604932,6.578639842841755e-05,2009.0395480225989,2.6753399022202595,2659.066578954078,2031.165589660076,1108.0329607701203,0.386176827604932,6.578639842841755e-05
348,2020-12-23,3,CH4,N2O,N2,289.2866252902684,3.49319272616522,101325.0,101361.23972201938,2.8425811988813883,1.0,1.0816313594981488,0.0005681988358981,0.2,0.3850196150054761,6.698861660295945e-05,1961.0294117647056,2.549002196995068,2660.4894402945542,2032.2376084118328,1108.5974599286346,0.3850196150054761,6.698861660295945e-05
349,2020-12-23,4,CH4,N2O,N2,289.9838795056721,3.4931927191075287,101325.0,101373.020033061,2.705186645182433,1.0,1.0821787318212543,0.0005938844244614,0.2,0.385236460635853,6.18388021903412e-05,2005.2631578947369,2.6652916861111677,2660.4554103418195,2032.1229317155608,1108.5830114818496,0.385236460635853,6.18388021903412e-05
350,2020-12-23,5,CH4,N2O,N2,290.16255742534594,3.4931927092793105,101325.0,101377.28709193906,2.4179944166763585,1.0,1.069064815455432,0.0005448059717505,0.2,0.3853180320695407,6.135018474197499e-05,2024.2884250474383,2.716106399295446,2659.9705955666286,2029.7547964175983,1107.275553293025,0.3853180320695407,6.135018474197499e-05
351,2020-12-23,6,CH4,N2O,N2,290.55554194833985,3.4931927593996166,101325.0,101360.49688483147,2.8517038562899635,1.0,1.0802758119375246,0.0005854563230388,0.2,0.3852649022860888,6.617414366628496e-05,2043.67816091954,2.7683882876422934,2660.522122058847,2031.7081454239053,1108.3838621216526,0.3852649022860888,6.617414366628496e-05
352,2020-12-23,8,CH4,N2O,N2,288.7766467558379,3.487385268322171,101325.0,101381.72730764504,2.816256165999361,0.7,0.7439859913463032,0.0004246647002486,0.15,0.2926993416065572,6.140355417193193e-05,1979.2207792207791,2.596512865403638,2660.1627322084523,2002.01951255306,1091.540601875651,0.2926993416065572,6.140355417193193e-05
353,2020-12-23,9,CH4,N2O,N2,288.36814128331554,3.4873852299819625,101325.0,101376.36025814424,2.6358514068856045,0.7,0.738627556198563,0.0003913296285839,0.1,0.2146631347174143,5.857518859155366e-05,2001.500938086304,2.655299973493967,2725.3573478739627,2036.3050598653556,1107.9669842021578,0.2146631347174143,5.857518859155366e-05
354,2019-10-15,0,C3H8,air,,,,101325.0,102387.36759072094,13.2042988936173,1.0,0.9619161153572028,0.0045179799070178,0.0,0.0,0.0,1638.7096774193549,6.229799598384503,,,,0.0,0.0
355,2019-10-15,1,C3H8,air,,289.3101396004479,4.931541087308556,101325.0,102402.700531435,13.204299179112846,1.0,0.9949438689044774,0.0045234572645928,0.0,0.0,0.0,1621.276595744681,6.097955718246699,2259.3153980800435,1799.4873042903832,993.1204657106206,0.0,0.0
356,2019-10-15,2,C3H8,air,,288.8652739531846,4.932148387627762,101325.0,102515.7192476178,13.204301284276376,1.0,0.993019575545613,0.0045181127956514,0.0,0.0,0.0,1712.3595505617975,6.802365449618293,2258.0907652390406,1798.9916427794624,992.8558350531074,0.0,0.0
357,2019-10-15,3,C3H8,air,,288.5871765357143,4.932574350936266,101325.0,102450.78326914244,13.204300074542674,1.0,1.0122697879160725,0.0045245631242571,0.0,0.0,0.0,1638.7096774193549,6.229799598384503,2266.769886189268,1804.346741901816,995.4894030039954,0.0,0.0
358,2019-10-15,4,C3H8,air,,288.3430343945432,4.932963719797984,101325.0,102364.02383818464,13.204298459061118,1.0,0.9629443826908268,0.0045192016613045,0.0,0.0,0.0,1674.7252747252746,6.506646144961602,2237.1659180452266,1789.841537410255,988.565344348183,0.0,0.0
359,2019-10-15,5,C3H8,air,,287.5839250640158,4.934304970140292,101325.0,102445.86503349812,13.204299982933067,1.0,1.0027772213257686,0.0045230112066655,0.0,0.0,0.0,1674.7252747252746,6.506646144961602,2262.416877141655,1801.8492237091812,994.1721704206552,0.0,0.0
360,2019-10-15,6,C3H8,air,,286.9711702932421,4.935336171305265,101325.0,102325.888020915,13.204297749216776,1.0,0.9903911575943962,0.0045260032144001,0.0,0.0,0.0,1722.033898305085,6.879445462852484,2255.674344115816,1798.3610608202807,992.4273924741494,0.0,0.0
361,2019-10-15,7,C3H8,air,,286.1739465123909,4.936609677388981,101325.0,102322.44947901974,13.20429768524105,1.0,0.9756652503044634,0.0045234091076698,0.0,0.0,0.0,1656.5217391304348,6.365966059360503,2245.795068767088,1794.0191936214317,990.3317756514148,0.0,0.0
362,2019-10-15,8,C3H8,air,,285.2535739379707,4.937996140709656,101325.0,102349.18142163326,13.204298182756592,1.0,0.9715000379547464,0.0045214514481827,0.0,0.0,0.0,1665.573770491803,6.435729550171957,2242.329728268261,1792.8092885246815,989.7188689707845,0.0,0.0
363,2019-10-17,0,C3H8,air,,285.3352777674759,4.937864534925909,101325.0,102388.21869887073,13.204298909461494,1.0,1.0090039846136123,0.0045267184582877,0.0,0.0,0.0,1722.033898305085,6.879445462852484,2264.021504160376,1803.7406253618208,994.962230748014,0.0,0.0
364,2019-10-17,1,C3H8,air,,286.657253348558,4.935733625993108,101325.0,102372.20357223508,13.20429861131149,1.0,0.9882874711715948,0.0045235636562169,0.0,0.0,0.0,1674.7252747252746,6.506646144961602,2254.30146600432,1797.78050285072,992.1284666494696,0.0,0.0
365,2019-10-22,0,C3H8,air,,288.6856950598756,4.932422587378425,101325.0,102400.81639888964,13.20429914402633,1.0,1.0059953777650936,0.0045256006915672,0.0,0.0,0.0,1693.3333333333333,6.652041571163797,2264.335652250706,1802.6336057892383,994.6286412202442,0.0,0.0
366,2019-10-22,1,C3H8,air,,289.2764633785953,4.931609681876161,101325.0,102399.7736289809,13.204299124616671,1.0,0.9795483191303932,0.0045207173686146,0.0,0.0,0.0,1751.7241379310344,7.118712739652,2249.974586510393,1794.956124432817,990.960572157052,0.0,0.0
367,2019-10-22,2,C3H8,air,,289.7123031772948,4.931025661127826,101325.0,102321.09647694192,13.204297660043604,1.0,0.9983215127705036,0.0045276944407583,0.0,0.0,0.0,1647.5675675675675,6.297330808055799,2261.230894879217,1800.3988236311986,993.5878830975836,0.0,0.0
368,2019-10-22,3,C3H8,air,,290.3615611608598,4.929820908794369,101325.0,102360.84030388384,13.204298399780663,1.0,1.0033450431189628,0.004526873563933,0.0,0.0,0.0,1731.8181818181818,6.957843069011654,2263.936096769419,1801.7532903281967,994.2989443527124,0.0,0.0
369,2019-10-22,4,C3H8,air,,290.8473650047371,4.929358048243851,101325.0,102404.82830180952,13.20429921873248,1.0,1.003687588416844,0.0045249931754349,0.0,0.0,0.0,1751.7241379310344,7.118712739652,2264.325635623535,1801.8135866821904,994.362207452099,0.0,0.0
370,2019-10-22,7,C3H8,air,,292.5433463139123,4.926782300329323,101325.0,102409.09358807169,13.20429929817162,1.0,1.009248976609453,0.0045258415453224,0.0,0.0,0.0,1683.9779005524863,6.578741396956978,2267.444851342744,1803.187761534473,995.1614451006566,0.0,0.0
371,2019-10-22,8,C3H8,air,,292.72910199144405,4.926517476250959,101325.0,102325.4998246406,13.204297741997356,1.0,0.9924093981925198,0.0045263968184715,0.0,0.0,0.0,1656.5217391304348,6.365966059360503,2259.501979161979,1798.455347926527,992.8402998824118,0.0,0.0
372,2019-10-22,9,C3H8,air,,292.6015208313638,4.926757227088178,101325.0,102339.86308679463,13.20429800930826,1.0,0.9965008031399704,0.0045265246963097,0.0,0.0,0.0,1674.7252747252746,6.506646144961602,2261.6455205212515,1799.6396815959845,993.4063574202428,0.0,0.0
373,2019-10-22,10,C3H8,air,,292.1432922634896,4.927153039419146,101325.0,102394.69134386498,13.204299029977689,1.0,0.9910611643377264,0.0045230873070107,0.0,0.0,0.0,1702.7932960893854,6.726573668290831,2258.487291559399,1798.1265040295214,992.6469920408985,0.0,0.0
374,2019-10-22,11,C3H8,air,,292.4336748643695,4.926830221716864,101325.0,102434.10219910716,13.20429976385475,1.0,0.9575112506575864,0.0045150987976725,0.0,0.0,0.0,1647.5675675675675,6.297330808055799,2234.6782601620266,1787.7551317321008,987.8779462994676,0.0,0.0
375,2019-10-22,12,C3H8,air,,292.71261597818415,4.926268575890211,101325.0,102455.70475329112,13.204300166215944,1.0,1.0221942677108855,0.0045261956516029,0.0,0.0,0.0,1702.7932960893854,6.726573668290831,2271.73621704058,1806.5858073097415,996.9189286021198,0.0,0.0
376,2019-10-22,13,C3H8,air,,292.37090870496013,4.926950244315056,101325.0,102378.14183825738,13.204298721862209,1.0,0.9794109818820133,0.0045216468358589,0.0,0.0,0.0,1674.7252747252746,6.506646144961602,2251.340480404545,1794.651115984534,991.012448911085,0.0,0.0
377,2019-10-22,14,C3H8,air,,292.22774995277973,4.927039077263935,101325.0,102393.7460290879,13.204299012392864,1.0,1.0100835774949604,0.0045266754475389,0.0,0.0,0.0,1712.3595505617975,6.802365449618293,2267.619013324429,1803.4373171337315,995.265939738777,0.0,0.0
378,2019-10-22,15,C3H8,air,,292.5435156598496,4.92661469184212,101325.0,102458.48547304774,13.204300217999164,1.0,1.0227788978549892,0.0045261818081601,0.0,0.0,0.0,1731.8181818181818,6.957843069011654,2271.8068260762093,1806.7503081245775,996.993767481438,0.0,0.0
379,2019-10-22,16,C3H8,air,,291.7726532125517,4.927724597516234,101325.0,102429.1287388882,13.204299671237203,1.0,1.0105811090157264,0.0045252047338157,0.0,0.0,0.0,1722.033898305085,6.879445462852484,2267.607911582823,1803.6161430373647,995.327316368214,0.0,0.0
380,2019-10-22,17,C3H8,air,,291.5796251138276,4.92829768914898,101325.0,102362.72281217705,13.204298434824585,1.0,1.00106357066206,0.0045263648391319,0.0,0.0,0.0,1751.7241379310344,7.118712739652,2263.4427060737285,1801.0152764887207,994.0137752829258,0.0,0.0
381,2019-10-22,18,C3H8,air,,291.03198639705226,4.929033508992138,101325.0,102473.69334634284,13.204300501292416,1.0,0.9950712603347548,0.0045203476218006,0.0,0.0,0.0,1792.9411764705883,7.45765214206581,2260.20045148633,1799.3884013581253,993.186242628828,0.0,0.0
382,2019-10-22,21,C3H8,air,,288.6541476671752,4.932459544930191,101325.0,102323.98439734332,13.20429771378919,1.0,0.9714015677373538,0.0045225463306103,0.0,0.0,0.0,1674.7252747252746,6.506646144961602,2243.881521824118,1792.490014610323,989.7764206250212,0.0,0.0
383,2019-10-22,22,C3H8,air,,288.1375703178716,4.933651462480651,101325.0,102318.73643850356,13.20429761613088,1.0,0.9690658946510444,0.0045223428024374,0.0,0.0,0.0,1712.3595505617975,6.802365449618293,2241.873048528174,1791.799879440576,989.4312813497792,0.0,0.0
384,2019-10-22,23,C3H8,air,,287.5801550483124,4.934362315416786,101325.0,102337.7824197338,13.204297970592153,1.0,0.997656943410374,0.004526832356019,0.0,0.0,0.0,1772.093023255814,7.285226707196556,2259.9118674065976,1800.3967987468243,993.4491711053712,0.0,0.0
385,2019-10-22,24,C3H8,air,,287.1707768735863,4.934981008866905,101325.0,102412.3713289998,13.204299359171548,1.0,1.0128444954521618,0.0045263670750988,0.0,0.0,0.0,1761.849710982659,7.201247850102023,2266.312874324027,1804.616338137276,995.5287700838726,0.0,0.0
386,2019-11-18,0,C3H8,air,,283.804383546874,0.0112917821450692,101325.0,101471.70516052148,2.690971476871425,1.0,1.0242689021846876,0.0009257981626983,0.0,3.6830135070907673e-06,3.458080813371814e-05,1795.959595959596,2.137938062357459,2267.871531099595,1807.7226831910289,996.8851583352268,3.6830135070907673e-06,3.458080813371814e-05
387,2019-11-19,0,C3H8,air,,283.3348577664778,0.0119151256623022,101325.0,101382.6282405522,2.901038714764668,1.0,1.0413603594920546,0.0009421898222644,0.0,6.118448680590467e-06,3.5669204571264815e-05,1740.293637846656,2.007460738299237,2269.978432879648,1811.9245927698855,999.1357632330368,6.118448680590467e-06,3.5669204571264815e-05
388,2019-11-20,0,C3H8,air,,280.6927695047779,0.0104522439646689,101325.0,101425.09374967664,2.693877885512463,1.0,1.038198349632893,0.0009082466517598,0.0,-2.7556212941974763e-06,3.392967478543279e-05,1811.2054329371815,2.174389887524692,2268.5515263615066,1811.4155911379496,998.6667747989898,-2.7556212941974763e-06,3.392967478543279e-05
389,2020-03-21,0,C3H8,air,CO2,286.4939626927216,0.0155820412466374,101325.0,101413.32903842416,4.441907958051128,1.0,0.986241038076049,0.001385890666909,0.01,0.0099926745086929,4.968114013367494e-05,1852.0833333333333,2.2736470213937943,2233.251486293082,1783.04251356092,984.0756491076676,0.0099926745086929,4.968114013367494e-05
390,2020-03-21,1,C3H8,air,CO2,286.67993522706246,0.0141891021690734,101325.0,101441.60730095164,6.910883402999183,1.0,0.9968195943261354,0.0013593946516825,0.01,0.0101869499181343,5.289624809014498e-05,1858.5365853658536,2.2895188546963863,2239.0182370925445,1785.804911481578,985.3932483165324,0.0101869499181343,5.289624809014498e-05
391,2020-03-21,2,C3H8,air,CO2,290.8205667881108,0.0150550927660765,101325.0,101432.79193820702,5.9400158712063815,1.0,0.9955105430348598,0.0013489646976911,0.01,0.0102963995745502,5.168145456131274e-05,1772.093023255814,2.081493344913301,2240.057909812664,1784.9323178569389,985.22881274553,0.0102963995745502,5.168145456131274e-05
392,2020-03-21,3,C3H8,air,CO2,290.85007349240755,0.0142102316113071,101325.0,101475.10788572456,3.685180192603681,1.0,1.0032107770081318,0.0013786661662926,0.01,0.0105957967473948,5.45254242855917e-05,1766.2251655629138,2.0677314431657634,2243.29640888479,1786.6655371631286,986.056279193816,0.0105957967473948,5.45254242855917e-05
393,2020-03-21,4,C3H8,air,CO2,290.6875099882656,0.0141701240311393,101325.0,101411.40281024252,3.658656206428331,1.0,1.008335327061865,0.0014897330754515,0.01,0.010522568545953,5.695472278984593e-05,1871.578947368421,2.32176520212356,2245.533464612075,1788.1617670775572,986.791940560442,0.010522568545953,5.695472278984593e-05
394,2020-03-21,5,C3H8,air,CO2,290.4748924144646,0.0143288461480311,101325.0,101393.43897249324,3.708820309930637,1.0,1.0000465401093095,0.0013874036268887,0.01,0.0102977924338092,5.445434033679764e-05,1757.495881383855,2.0473430900069283,2242.191622528353,1786.224935321516,985.8301829913707,0.0102977924338092,5.445434033679764e-05
395,2020-03-21,7,C3H8,air,CO2,289.99680767013456,0.0143343645951804,101325.0,101441.19309991036,3.704713810101029,1.0,1.0016311155926227,0.0013702435022541,0.01,0.0100905348954926,5.3780569761228543e-05,1839.3103448275865,2.2423945129903373,2243.1388278653662,1787.0005163486076,986.1983334037368,0.0100905348954926,5.3780569761228543e-05
396,2020-03-21,8,C3H8,air,CO2,289.7326829505305,0.0141765221062903,101325.0,101488.71135336824,3.640402618708789,1.0,1.0031010543488377,0.0015039532832723,0.01,0.0102438902538892,5.5186515030564335e-05,1726.2135922330096,1.975108959295484,2243.4097835469342,1787.2219057904117,986.2831387866944,0.0102438902538892,5.5186515030564335e-05
397,2020-03-21,9,C3H8,air,CO2,289.57147452030574,0.0143528199371389,101325.0,101363.86965828484,3.6845301140002,1.0,1.0058235167130145,0.0014345065966964,0.01,0.0104475602692288,5.650992611060407e-05,1766.2251655629138,2.0677314431657634,2244.109055143848,1787.6747303402128,986.4785138611932,0.0104475602692288,5.650992611060407e-05
398,2020-03-21,10,C3H8,air,CO2,289.496845417422,0.0144154936485895,101325.0,101390.55002827232,3.8583623147202366,1.0,1.0085715700406843,0.0014748933572958,0.01,0.0103959197646629,5.69051964402822e-05,1754.6052631578948,2.0406139471789606,2245.3127841601126,1788.4991806571454,986.8896732357738,0.0103959197646629,5.69051964402822e-05
399,2020-03-21,11,C3H8,air,CO2,289.2397091629962,0.0144315693976743,101325.0,101422.94675930912,3.793146093228144,1.0,1.0087443763789117,0.0014510523516953,0.01,0.0102983617844937,5.45081492963348e-05,1814.2857142857144,2.181792060512846,2245.4584474839867,1788.708652552771,986.9846087368096,0.0102983617844937,5.45081492963348e-05
400,2020-03-22,0,C3H8,air,CO2,288.40094616429485,0.0144759832157279,101325.0,101389.81375499727,3.607350519007596,1.0,1.0068967929244432,0.0014723807089278,0.01,0.0107244904923918,5.767700008508232e-05,1775.0415973377703,2.088425874153061,2243.4845865787925,1787.6834573685228,986.3916785656002,0.0107244904923918,5.767700008508232e-05
401,2020-03-22,1,C3H8,air,CO2,288.4931104397416,0.0145150828752924,101325.0,101358.92858787227,3.707944446626161,1.0,1.0047651995529778,0.0015257208341194,0.01,0.0105259803243238,6.078129153974656e-05,1823.589743589744,2.204226792811606,2242.9955125065085,1787.368289147322,986.2494061540638,0.0105259803243238,6.078129153974656e-05
402,2020-03-22,2,C3H8,air,CO2,288.24942378636865,0.0145428773441977,101325.0,101364.3204800661,3.604433317847176,1.0,0.995365614282985,0.0015879660768058,0.01,0.0105532084913873,5.942294825458299e-05,1808.135593220339,2.1670253207984898,2238.259362967188,1784.7395689561397,984.9450198860671,0.0105532084913873,5.942294825458299e-05
403,2020-03-22,3,C3H8,air,CO2,288.2342241062412,0.0145432149833755,101325.0,101487.31112184134,3.682157430634205,1.0,0.9854240441219556,0.0016736561586162,0.01,0.0106326544904192,5.650284107279567e-05,1789.9328859060402,2.123613559552377,2232.3382993836244,1781.7796429062194,983.530189581172,0.0106326544904192,5.650284107279567e-05
404,2020-03-22,4,C3H8,air,CO2,287.9848417594273,0.0141607248599191,101325.0,101438.61656927023,3.71353519708548,1.0,0.9927800033034092,0.0015374440348829,0.01,0.0105912134736622,5.966009054103387e-05,1820.4778156996588,2.1967102533807976,2236.665367321064,1783.9851389486548,984.5620652434644,0.0105912134736622,5.966009054103387e-05
405,2020-03-22,5,C3H8,air,CO2,287.96521795291324,0.0145491985881985,101325.0,101439.06977936068,3.692270085397293,1.0,0.9905121676091124,0.0015259646368075,0.01,0.0105229832755032,5.983014900782577e-05,1805.07614213198,2.159698106023387,2235.4946418259947,1783.429915024712,984.3054569785584,0.0105229832755032,5.983014900782577e-05
406,2020-03-22,6,C3H8,air,CO2,287.80484088216264,0.0143198670745221,101325.0,101442.3814542983,3.678706428383238,1.0,0.9867618061034148,0.0015158309534081,0.01,0.0100941586289495,5.986270030557687e-05,1792.9411764705883,2.1307577548759458,2234.0050435701805,1782.9490049697745,984.1078642664936,0.0100941586289495,5.986270030557687e-05
407,2020-03-22,7,C3H8,air,CO2,287.6980191924053,0.0141669439021805,101325.0,101358.39588120636,3.67255848396344,1.0,0.9950911222299356,0.0016768597353188,0.01,0.0099951290652681,6.114500366834838e-05,1829.845626072041,2.219376073276719,2238.9347167325755,1785.4835297524733,985.3955017656642,0.0099951290652681,6.114500366834838e-05
408,2020-03-22,8,C3H8,air,CO2,287.655807584753,0.0145560923842116,101325.0,101435.4821978534,3.858941341333516,1.0,0.997101747274171,0.0017055867917445,0.01,0.0097398758447047,6.302974021967914e-05,1754.6052631578948,2.0406139471789606,2240.487763165486,1786.4229819117663,985.794617464384,0.0097398758447047,6.302974021967914e-05
409,2020-03-22,9,C3H8,air,CO2,287.51446414643607,0.0138121135055824,101325.0,101395.15229997472,3.725135972233626,1.0,0.9879076768324452,0.0015496652853149,0.01,0.0098555446621173,5.9369609337352575e-05,1858.5365853658536,2.2895188546963863,2235.021164434929,1783.6323780622713,984.4331633029024,0.0098555446621173,5.9369609337352575e-05
410,2020-03-22,10,C3H8,air,CO2,287.4298646779976,0.0145611342573273,101325.0,101388.28773087692,3.715391412263253,1.0,0.9912401704293072,0.0017127805489295,0.01,0.0098496599720723,6.275076002230789e-05,1783.9464882943143,2.1094325403797445,2236.958505468116,1784.61261425796,984.8984842375862,0.0098496599720723,6.275076002230789e-05
411,2020-03-22,11,C3H8,air,CO2,287.2796755629528,0.0141760331197488,101325.0,101427.8442715121,3.788481380353657,1.0,0.9933777147920676,0.0015729237253158,0.01,0.0099988041344547,6.220703579379174e-05,1792.9411764705883,2.1307577548759458,2237.81359686437,1785.0373296660125,985.0767660608532,0.0099988041344547,6.220703579379174e-05
412,2020-03-22,12,C3H8,air,CO2,287.1962550449265,0.014177848405188,101325.0,101477.74469273826,3.728457275951597,1.0,0.990033854248398,0.0016643948070552,0.01,0.009797090334568,6.471645378944921e-05,1783.9464882943143,2.1094325403797445,2236.271871374133,1784.3716166847794,984.7738897102672,0.009797090334568,6.471645378944921e-05
413,2020-03-22,13,C3H8,air,CO2,287.1323065763003,0.0141792401756261,101325.0,101413.8389992888,3.709143865370923,1.0,0.991689441300906,0.0016682519093872,0.01,0.0096770173921094,6.534272206056593e-05,1729.011345218801,1.9815164456287624,2237.416958135661,1785.011305398457,985.082889227546,0.0096770173921094,6.534272206056593e-05
414,2020-03-22,14,C3H8,air,CO2,286.99278373024293,0.0138231758501101,101325.0,101500.05718650564,3.740667631125722,1.0,0.9982392745745116,0.0016268664048541,0.01,0.009659285366253,6.38286730068886e-05,1740.293637846656,2.007460738299237,2240.930593150188,1786.9214170960786,986.001089303543,0.009659285366253,6.38286730068886e-05
415,2020-03-22,15,C3H8,air,CO2,286.9137352994304,0.014184002024534,101325.0,101446.86908716222,3.890394688142892,1.0,0.9903250823826164,0.0015933453728559,0.01,0.0100040335638227,6.350453557888229e-05,1778.0,2.0953930949165533,2235.8994156108124,1784.186864475706,984.6452968205288,0.0100040335638227,6.350453557888229e-05
416,2020-03-22,16,C3H8,air,CO2,286.9657623402945,0.0141828679237265,101325.0,101424.15603983414,3.9127128535314255,1.0,0.9861635268973282,0.0015992308277927,0.01,0.009779474108371,6.317294270259021e-05,1775.0415973377703,2.088425874153061,2233.844283855427,1783.2782689125058,984.403102777506,0.009779474108371,6.317294270259021e-05
417,2020-03-22,17,C3H8,air,CO2,286.9263382862429,0.0141837275156694,101325.0,101357.8374717848,3.9742910511381697,1.0,0.9902598875392572,0.0015754088549167,0.01,0.0097200873027283,6.3767855912181e-05,1763.3057851239669,2.06090161647418,2236.397748301063,1784.5474131758597,984.8405454385562,0.0097200873027283,6.3767855912181e-05
418,2020-03-22,18,C3H8,air,N2,289.5021805394005,0.0143537898113676,101325.0,101467.93579339342,3.732839346952354,1.0,0.969203088785657,0.0015039687922058,0.01,0.0180597610723895,5.766042209336112e-05,1798.9881956155143,2.145154725791786,2223.245833299829,1784.845857164554,986.481453584893,0.0180597610723895,5.766042209336112e-05
419,2020-03-22,19,C3H8,air,N2,289.4406025255464,0.0142650038045872,101325.0,101378.22578449282,3.7474659589747614,1.0,0.971427990701348,0.0014803992062707,0.01,0.0177202246067811,5.712816782929455e-05,1792.9411764705883,2.1307577548759458,2225.2868833666203,1785.66272441987,986.841848785912,0.0177202246067811,5.712816782929455e-05
420,2020-03-22,20,C3H8,air,N2,289.283056105211,0.014313284674891,101325.0,101358.63004923034,3.73378514055961,1.0,0.9746023570798577,0.0015484564373941,0.01,0.017967525705866,5.699814177863566e-05,1740.293637846656,2.007460738299237,2227.326649877032,1786.56448640043,987.245692881169,0.017967525705866,5.699814177863566e-05
421,2020-03-22,21,C3H8,air,N2,289.12325233821576,0.0142200695302097,101325.0,101407.7465364153,3.719759615529152,1.0,0.9798958989678442,0.0015602004132068,0.01,0.0182442211347134,5.909477662388818e-05,1734.6341463414635,1.9944253134244612,2230.7497555245127,1788.0984245757115,987.9466816320848,0.0182442211347134,5.909477662388818e-05
422,2020-03-22,22,C3H8,air,N2,289.4685384816217,0.0143410038825422,101325.0,101434.13189336043,3.6581599096421806,1.0,0.9688601228913776,0.0017087060091008,0.01,0.0184952702246919,5.801283947261461e-05,1823.589743589744,2.204226792811606,2222.481107783929,1784.5703969388842,986.3570312664878,0.0184952702246919,5.801283947261461e-05
423,2020-03-22,23,C3H8,air,N2,289.3652284462902,0.0141511260076564,101325.0,101434.97701360704,3.686923180600979,1.0,0.9776709613191766,0.00153857631979,0.01,0.0182021280901454,5.671887105431553e-05,1808.135593220339,2.1670253207984898,2229.3575271659456,1787.423063360714,987.6500185688354,0.0182021280901454,5.671887105431553e-05
424,2020-03-22,24,C3H8,air,N2,289.2515069367488,0.01420783863717,101325.0,101351.07969422388,3.6986794302253783,1.0,0.981274634116143,0.0015582242520255,0.01,0.0184460062969636,5.883693708587054e-05,1861.780104712042,2.297517167749258,2231.528691527049,1788.41863234287,988.1036904475116,0.0184460062969636,5.883693708587054e-05
425,2020-03-22,25,C3H8,air,N2,289.35256756073835,0.0139952957465046,101325.0,101510.87258755715,3.797162670725229,1.0,0.9739673429837304,0.0015006162876977,0.01,0.0182226227507364,5.551964065609646e-05,1811.2054329371815,2.174389887524692,2226.649571010116,1786.2904503985444,987.1332250297456,0.0182226227507364,5.551964065609646e-05
426,2020-03-22,26,C3H8,air,N2,289.414259489463,0.0140010112306107,101325.0,101372.61519141964,3.7718921071462375,1.0,0.9791047229730092,0.0015518896370938,0.01,0.0182535436553618,5.863373063365582e-05,1792.9411764705883,2.1307577548759458,2230.323318478157,1787.8259139599763,987.837401255658,0.0182535436553618,5.863373063365582e-05
427,2020-03-22,27,C3H8,air,N2,289.2916334726368,0.0141964879888421,101325.0,101420.21362382694,3.708683637307241,1.0,0.9793367017907526,0.0015504413934136,0.01,0.0184464419737558,5.8690618463994165e-05,1789.9328859060402,2.123613559552377,2230.2302382295507,1787.8409331433852,987.840836003468,0.0184464419737558,5.8690618463994165e-05
428,2020-03-22,28,C3H8,air,N2,289.1732397794344,0.0142284629912865,101325.0,101422.04776703012,3.691246096401956,1.0,0.9780583030415788,0.0014851076865702,0.01,0.0182912922932398,5.60519707045204e-05,1823.589743589744,2.204226792811606,2229.440695502481,1787.520950520899,987.68371709928,0.0182912922932398,5.60519707045204e-05
429,2020-03-22,29,C3H8,air,N2,289.2566296567547,0.0140462686588787,101325.0,101384.01800278923,3.668589394206633,1.0,0.9768003795992902,0.001582366905035,0.01,0.0182114294546427,5.624573175706981e-05,1826.7123287671236,2.211781977651621,2228.6602670697607,1787.1541422095638,987.5173584599398,0.0182114294546427,5.624573175706981e-05
430,2020-03-22,30,C3H8,air,N2,289.32052256762955,0.0141775748512655,101325.0,101370.72467414608,3.745369374313601,1.0,0.978614220106682,0.001536313236264,0.01,0.0183867214616291,5.844089316108573e-05,1823.589743589744,2.204226792811606,2229.7911709100144,1787.6339050049576,987.7441918495766,0.0183867214616291,5.844089316108573e-05
431,2020-03-22,31,C3H8,air,N2,289.1889559375858,0.0140234353446019,101325.0,101477.82805609993,3.7573400484574218,1.0,0.9728284877514008,0.0016115780091164,0.01,0.0182442813211945,5.641324282723372e-05,1780.9682804674458,2.1023952390599767,2225.685099013345,1785.9370305995565,986.9603598382104,0.0182442813211945,5.641324282723372e-05
432,2020-03-22,32,C3H8,air,N2,289.08059126631963,0.014181709761548,101325.0,101483.70102199075,3.6804582979024167,1.0,0.9835880453556384,0.0016096205287264,0.01,0.01846498983516,5.758862412542727e-05,1888.141592920354,2.36304021981343,2233.0021083501,1789.1397833248673,988.4348957663074,0.01846498983516,5.758862412542727e-05
433,2020-03-22,33,C3H8,air,N2,289.21764414608384,0.014167811976164,101325.0,101542.46093281636,3.722683395529282,1.0,0.9827476293521572,0.0015326790886021,0.01,0.0186488878350064,5.6795255404416536e-05,1802.027027027027,2.152407991034615,2232.3300632651385,1788.8173990306564,988.297681969627,0.0186488878350064,5.6795255404416536e-05
434,2020-03-22,34,C3H8,air,N2,289.0337543976458,0.0141525614426299,101325.0,101388.39782055512,3.686499662557239,1.0,0.9821649964814796,0.0015122991412515,0.01,0.0186560324746749,6.061177818343928e-05,1820.4778156996588,2.1967102533807976,2231.8088573516834,1788.6304135744665,988.1929232021968,0.0186560324746749,6.061177818343928e-05
435,2020-03-22,35,C3H8,air,N2,289.0294960046737,0.0141433327736535,101325.0,101362.1379067042,3.711540215918087,1.0,0.9834939912424258,0.0015110319710229,0.01,0.0186567753954256,5.592576429208497e-05,1918.705035971223,2.440160687108386,2232.6835799030173,1789.023818820189,988.3754229183749,0.0186567753954256,5.592576429208497e-05
436,2020-03-22,36,C3H8,air,N2,289.09547409137747,0.0138443224230462,101325.0,101432.99505821224,3.723294260309969,1.0,0.9764145915095312,0.0015448213179639,0.01,0.0185440761090562,5.861636142714557e-05,1805.07614213198,2.159698106023387,2227.9576919345463,1786.9310357169986,987.4102659091894,0.0185440761090562,5.861636142714557e-05
437,2020-03-22,37,C3H8,air,N2,288.9307346039667,0.0141755648356396,101325.0,101353.4416182292,3.637729203976231,1.0,0.9786045757427736,0.001527388218035,0.01,0.0184519757207312,5.821490800150639e-05,1802.027027027027,2.152407991034615,2229.5209900847285,1787.635171584391,987.7203427646896,0.0184519757207312,5.821490800150639e-05
438,2020-03-22,38,C3H8,air,N2,288.945708224581,0.0142307591316055,101325.0,101453.33173795156,3.724987702828065,1.0,0.9801785519486096,0.0015592202915645,0.01,0.0186480110347731,5.932413970870399e-05,1881.4814814814813,2.3463991432675555,2230.437897007256,1788.0529456601091,987.9212051231405,0.0186480110347731,5.932413970870399e-05
439,2020-03-22,39,C3H8,air,N2,288.8772728927442,0.0139973995162577,101325.0,101432.18928820196,3.727216844215318,1.0,0.9762270830527784,0.0016083898941709,0.01,0.018657249297981,5.832534442127051e-05,1888.141592920354,2.36304021981343,2227.5936272657045,1786.8482363831895,987.3609143478732,0.018657249297981,5.832534442127051e-05
440,2020-03-22,40,C3H8,air,N2,288.59806268846444,0.0141853626368683,101325.0,101339.88466574908,3.6749272548604406,1.0,0.9818951456602548,0.0015897724683405,0.01,0.0183368024702463,5.8282906511268925e-05,1814.2857142857144,2.181792060512846,2231.7455648968617,1788.697889904438,988.1909391428528,0.0183368024702463,5.8282906511268925e-05
441,2020-03-22,41,C3H8,air,N2,288.7395600096834,0.0139888216526002,101325.0,101375.68837663071,3.710136811858155,1.0,0.977929298708842,0.0015645359497068,0.01,0.0185301537556492,5.772945929935308e-05,1814.2857142857144,2.181792060512846,2228.871854282566,1787.419071856765,987.611917830312,0.0185301537556492,5.772945929935308e-05
442,2020-03-22,42,C3H8,air,N2,288.559404794012,0.0142592177839818,101325.0,101473.42264930771,3.653856270644088,1.0,0.978503870603893,0.0015497793322192,0.01,0.0183822652632018,5.695729839842684e-05,1836.144578313253,2.2346820698183434,2229.3708503184043,1787.6802699810787,987.7213755852832,0.0183822652632018,5.695729839842684e-05
443,2020-03-22,43,C3H8,air,N2,288.60745176586903,0.0141493298935285,101325.0,101501.49472114668,3.695167229812044,1.0,0.9778615200710956,0.0015749245543222,0.01,0.0182759131219407,5.959221687238567e-05,1871.578947368421,2.32176520212356,2229.059720925251,1787.5253689008482,987.6548193163724,0.0182759131219407,5.959221687238567e-05
444,2020-03-22,44,C3H8,air,N2,288.6108017639298,0.0141991813864708,101325.0,101378.13991909294,3.651240625251289,1.0,0.9779148939558592,0.001560766287601,0.01,0.0182705673972146,5.897631439847582e-05,1832.9896907216496,2.227009347344594,2229.077300896096,1787.5236878709975,987.6493051208596,0.0182705673972146,5.897631439847582e-05
445,2020-03-22,45,C3H8,air,N2,288.4695591816636,0.0142205798855789,101325.0,101386.68415188638,3.650413039793516,1.0,0.9806031329859972,0.0015867946362963,0.01,0.0185766320010178,5.8042216259138646e-05,1792.9411764705883,2.1307577548759458,2230.5598399880982,1788.2362371125832,987.9729376546388,0.0185766320010178,5.8042216259138646e-05
446,2020-03-22,46,C3H8,air,N2,288.6922628870733,0.0141418131141286,101325.0,101445.8988650086,3.688291370241912,1.0,0.9745828934426228,0.0015036239099438,0.01,0.0184761683435243,5.619275402433554e-05,1783.9464882943143,2.1094325403797445,2226.495844999353,1786.4277583621104,987.155038587358,0.0184761683435243,5.619275402433554e-05
447,2020-03-22,47,C3H8,air,N2,288.785302708224,0.0141610326183451,101325.0,101453.40759519876,3.6736347426157,1.0,0.9768383214845122,0.001514461175794,0.01,0.0182169656042649,5.682031567289234e-05,1778.0,2.0953930949165533,2228.467134629353,1787.212914809708,987.5192037696291,0.0182169656042649,5.682031567289234e-05
448,2020-03-22,48,C3H8,air,N2,288.8639342160184,0.0140694077406871,101325.0,101424.68988379031,3.6260165098425774,1.0,0.9721455479691417,0.001517595850967,0.01,0.0183826847949663,5.409256234069761e-05,1865.034965034965,2.305557466654682,2224.847097357501,1785.6899196778377,986.8260328350018,0.0183826847949663,5.409256234069761e-05
449,2020-04-13,0,C3H8,air,,288.1794773283087,0.0148572532133248,101325.0,101628.08966259305,3.745488625516713,1.0,0.981506201739382,0.0013670143486369,0.0,0.0005522382071375,5.475603014135175e-05,1832.9896907216496,2.227009347344594,2250.5742926807834,1795.5136439309254,991.124130202976,0.0005522382071375,5.475603014135175e-05
450,2020-04-13,2,C3H8,air,,289.48737166045515,0.014809787514405,101325.0,101327.30942205244,3.8145540456537503,1.0,0.9907206867256676,0.0013378450654408,0.0,0.0003953264893521,0.0001499680180343,1865.034965034965,2.305557466654682,2256.788269870767,1798.0767032557617,992.4121779258986,0.0003953264893521,0.0001499680180343
451,2020-04-13,3,C3H8,air,,290.186165949255,0.0148250822203254,101325.0,101440.32512013346,3.675851146166917,1.0,0.9829667135579332,0.0013259070729525,0.0,0.0002707542122551,5.3221170257628496e-05,1964.6408839779008,2.558399432149785,2252.4234813973344,1795.7509716493662,991.3539068166264,0.0002707542122551,5.3221170257628496e-05
452,2020-04-13,4,C3H8,air,,290.2944805457769,0.0147514304143659,101325.0,101432.98015971252,3.706647359929649,1.0,0.9983166075810924,0.0014526372025234,0.0,0.0004934936890008,5.584131315278674e-05,1805.07614213198,2.159698106023387,2261.2723610253097,1800.1995279015596,993.4971159495374,0.0004934936890008,5.584131315278674e-05
453,2020-04-13,5,C3H8,air,,290.34587044547794,0.0144205525495127,101325.0,101456.65035035838,3.6761333659187554,1.0,0.9995557570708002,0.0015093448468392,0.0,0.0010811954965025,5.5481198991457785e-05,1817.376490630324,2.189232096241835,2261.915528403344,1800.5477266209684,993.6720054956776,0.0010811954965025,5.5481198991457785e-05
454,2020-04-13,6,C3H8,air,,290.63726070132515,0.0145588686994715,101325.0,101402.45984355255,3.758634643901369,1.0,1.00279400207338,0.0015382428752696,0.0,0.0011597401075127,5.731130658653934e-05,1778.0,2.0953930949165533,2263.567789994578,1801.4167121076148,994.1176591772949,0.0011597401075127,5.731130658653934e-05
455,2020-04-13,7,C3H8,air,,291.0753771877944,0.0145159177364686,101325.0,101397.49909802202,3.7541817143905503,1.0,1.0014456461055834,0.0014505173852504,0.0,0.0011368172724008,5.754651140853554e-05,1786.9346733668342,2.1165052346320032,2263.143629920363,1801.0036852230824,993.9412743579102,0.0011368172724008,5.754651140853554e-05
456,2020-04-13,8,C3H8,air,,291.537931977699,0.0146409437747163,101325.0,101494.35504158228,3.682927280816409,1.0,0.9963495291048856,0.0015145426884877,0.0,0.0006677416142223,5.78971963275176e-05,1901.6042780748664,2.3968578968989687,2260.859790812606,1799.546542852846,993.2612165678272,0.0006677416142223,5.78971963275176e-05
457,2020-04-13,9,C3H8,air,,291.8630963338395,0.0144156640861398,101325.0,101430.85934686851,3.699336378089398,1.0,1.0032833975881723,0.0014806977930476,0.0,0.0012443553289074,5.8563898324660754e-05,1839.3103448275865,2.2423945129903373,2264.362800936466,1801.451685558622,994.2163036865778,0.0012443553289074,5.8563898324660754e-05
458,2020-04-13,10,C3H8,air,,292.13465424517835,0.0145379401881975,101325.0,101475.04522104208,3.716596644536547,1.0,0.996815910817504,0.001464721812834,0.0,0.00064673648454,5.845651922401952e-05,1798.9881956155143,2.145154725791786,2261.372430053095,1799.624737124353,993.3373209163256,0.00064673648454,5.845651922401952e-05
459,2020-04-13,11,C3H8,air,,292.5421090087242,0.0142078851197601,101325.0,101401.64906946584,3.719081855168148,1.0,1.0022889236304469,0.0015681622299979,0.0,0.0011854100407832,5.858276898450048e-05,1836.144578313253,2.2346820698183434,2264.214283031426,1801.113114079149,994.0920553480169,0.0011854100407832,5.858276898450048e-05
460,2020-04-14,0,C3H8,air,CO2,287.71956977034165,0.0146527992399668,101325.0,101350.08149473474,3.748893135076525,1.0,0.9764580921129646,0.0015615214925168,0.01,0.0097944110763166,5.438904177825692e-05,1795.959595959596,2.137938062357459,2227.6864288328734,1780.2786400536947,982.8862181911784,0.0097944110763166,5.438904177825692e-05
461,2020-04-14,1,C3H8,air,CO2,288.2841305573095,0.014513020531234,101325.0,101407.75028947262,3.660736647864881,1.0,0.9958154778117948,0.0015712729560434,0.01,0.0104419500279938,6.11742717936833e-05,1757.495881383855,2.0473430900069283,2238.741125934277,1785.0256726949467,985.1493821557548,0.0104419500279938,6.11742717936833e-05
462,2020-04-14,3,C3H8,air,CO2,289.41982184682473,0.0143302006285509,101325.0,101402.72744790466,3.834953402443662,1.0,1.004276917333231,0.0017095694835469,0.01,0.0107008261731411,6.965069979945329e-05,1717.8743961352657,1.9560718755785045,2242.885202240494,1786.9202735765698,986.0793555741684,0.0107008261731411,6.965069979945329e-05
463,2020-04-14,5,C3H8,air,CO2,290.8531615608945,0.014232378236729,101325.0,101333.79845797106,3.691102326093311,1.0,0.9995695482995062,0.001704462927048,0.01,0.010166501843222,6.843512382363879e-05,1795.959595959596,2.137938062357459,2242.3752584795207,1786.2332258482077,985.87202447153,0.010166501843222,6.843512382363879e-05
464,2020-04-14,8,C3H8,air,CO2,291.78781461891504,0.0138797907343744,101325.0,101479.18143127624,3.652132397198296,1.0,0.9810050764851272,0.0015830925847103,0.01,0.0097047605551919,6.332256777631061e-05,1789.9328859060402,2.123613559552377,2232.9683094677266,1781.4597600451186,983.7028765234254,0.0097047605551919,6.332256777631061e-05
465,2020-04-14,10,C3H8,air,CO2,292.7968119237452,0.0142434356875241,101325.0,101367.5590272527,3.757245402606937,1.0,0.9939677544761204,0.0016451464131436,0.01,0.0103716893845853,6.331393117577114e-05,1751.7241379310344,2.0339179256148574,2239.993040315806,1784.2137082962647,984.9976503191988,0.0103716893845853,6.331393117577114e-05
466,2020-04-14,11,C3H8,air,CO2,293.1910872981816,0.0131930903174974,101325.0,101380.9336721354,3.7518576302801527,1.0,0.996115411375479,0.0015970914394988,0.01,0.0098946197895168,6.505257062693535e-05,1720.645161290323,1.9623868734910757,2242.2544273863605,1785.4545715710628,985.6656554052412,0.0098946197895168,6.505257062693535e-05
467,2020-04-14,12,C3H8,air,CO2,293.57000536433816,0.0138946873834204,101325.0,101364.72421803902,3.7304073019653696,1.0,0.9876813465431832,0.0015080607400959,0.01,0.0097545091025065,6.004472746262358e-05,1798.9881956155143,2.145154725791786,2237.935904712532,1783.1959621305955,984.619323764824,0.0097545091025065,6.004472746262358e-05
468,2020-04-14,13,C3H8,air,CO2,293.82079535223335,0.0139986293089731,101325.0,101377.61426362536,3.8435978135176967,1.0,0.9885913244792428,0.0015352002082834,0.01,0.0101306212485628,6.206009762337527e-05,1778.0,2.0953930949165533,2237.874134048729,1782.9195161130167,984.4729367536248,0.0101306212485628,6.206009762337527e-05
469,2020-04-15,2,C3H8,air,CO2,289.4440883580536,0.0141390689083466,101325.0,101424.27636512303,3.764053387598671,1.0,1.00034031869114,0.0017219434121777,0.01,0.0103978730019848,7.017411043921555e-05,1789.9328859060402,2.123613559552377,2241.66565359808,1786.2593192850295,985.8520423702562,0.0103978730019848,7.017411043921555e-05
470,2020-04-15,3,C3H8,air,CO2,289.8313235339103,0.0140522822619023,101325.0,101387.28509595637,3.767104374068559,1.0,1.0001275310026694,0.0017795392883215,0.01,0.0101947919836717,7.267404721431633e-05,1760.3960396039604,2.0541055729012467,2242.1280850535354,1786.4440435894298,985.9065663591329,0.0101947919836717,7.267404721431633e-05
471,2020-04-15,4,C3H8,air,CO2,290.1081765912457,0.014106247080956,101325.0,101374.19591087976,3.9565903021369375,1.0,1.003473758067709,0.0018433016380473,0.01,0.0102086531886977,7.382619056232712e-05,1775.0415973377703,2.088425874153061,2243.793935330602,1787.3226930629792,986.3518043863832,0.0102086531886977,7.382619056232712e-05
472,2020-04-15,5,C3H8,air,CO2,290.4755860591676,0.0144920484153014,101325.0,101376.83112568715,3.8025987529282426,1.0,0.9937171851025918,0.0016838591518819,0.01,0.0100811748640548,6.828687247286467e-05,1760.3960396039604,2.0541055729012467,2239.3308308003825,1784.742217262428,985.129392154804,0.0100811748640548,6.828687247286467e-05
473,2020-04-15,6,C3H8,air,CO2,290.78763776147576,0.01402585364476,101325.0,101421.24628320528,3.739407223813312,1.0,0.9958010290059576,0.0017431665686988,0.01,0.010572266510137,7.03498911250222e-05,1748.8524590163934,2.0272548083041237,2239.658963637773,1784.631845398448,985.0595685147262,0.010572266510137,7.03498911250222e-05
474,2020-04-15,7,C3H8,air,CO2,291.2783881155147,0.0139977602833964,101325.0,101472.12181693238,3.6852554408082168,1.0,0.9933012403239424,0.0017336888089517,0.01,0.0100946039152963,6.71152238800259e-05,1760.3960396039604,2.0541055729012467,2239.476001564029,1784.5531040472977,985.0941615674752,0.0100946039152963,6.71152238800259e-05
475,2020-04-15,8,C3H8,air,CO2,291.64128506414426,0.0140510616940033,101325.0,101441.48743057896,3.75249243251118,1.0,0.987998210282742,0.0016872444970612,0.01,0.0101966440786268,6.42430082807298e-05,1778.0,2.0953930949165533,2236.3757686916806,1782.8470861222995,984.2899450615798,0.0101966440786268,6.42430082807298e-05
476,2020-04-15,9,C3H8,air,CO2,291.7051770433677,0.0125526563891652,101325.0,101460.70626791412,3.6890356683034913,1.0,0.9972048791187677,0.0017785654888235,0.01,0.0102856926496161,6.74534505807884e-05,1789.9328859060402,2.123613559552377,2241.3859824206684,1785.355137186581,985.495128703962,0.0102856926496161,6.74534505807884e-05
477,2020-04-15,11,C3H8,air,CO2,292.2096748748809,0.0140971414547607,101325.0,101420.318368242,3.711141206787605,1.0,0.9862859504315116,0.0017111347076258,0.01,0.0102754604430305,6.490566963042327e-05,1805.07614213198,2.159698106023387,2235.4403975747155,1782.1866393104574,984.0072400513134,0.0102754604430305,6.490566963042327e-05
478,2020-04-16,1,C3H8,air,,289.622053528685,0.0144557209087302,101325.0,101338.29336949138,3.601790925789815,1.0,1.0011091765147735,0.0016350366124708,0.0,0.0020152604110157,6.390802277813035e-05,1826.7123287671236,2.211781977651621,2262.298665013054,1801.024761109449,993.855465712549,0.0020152604110157,6.390802277813035e-05
479,2020-04-16,5,C3H8,air,,292.44205992464254,0.0145545301226807,101325.0,101354.79567577936,3.623962257696828,1.0,1.0001659386666506,0.001841040729706,0.0,0.0019831426403012,6.837903918264174e-05,1680.0,1.8707706966829367,2263.1541806967302,1800.522051713506,993.7925075204904,0.0019831426403012,6.837903918264174e-05
480,2020-04-16,10,C3H8,air,,295.2148170841933,0.0147788932477972,101325.0,101337.54298550704,3.763182317443754,1.0,0.996114941483878,0.0017006977320895,0.0,0.0009153048125622,6.544028257272566e-05,1811.2054329371815,2.174389887524692,2262.400507461118,1799.1404929124324,993.2975251861304,0.0009153048125622,6.544028257272566e-05
481,2020-04-27,0,C3H8,air,N2,290.49678736851354,0.0141067044426167,101325.0,101396.38409884316,18.76811787730634,1.0,0.95615147521293,0.001347850197417,0.01,0.0175994726526563,4.8851337181311975e-05,1729.011345218801,1.9815164456287624,2213.3147252154845,1780.7209864655492,984.697930410337,0.0175994726526563,4.8851337181311975e-05
482,2020-04-27,1,C3H8,air,N2,291.0587130143897,0.0130985199382397,101325.0,101453.69078042472,36.64722153850455,1.0,0.9844456899936332,0.0014899278845158,0.01,0.0178724145011067,5.1876814723032585e-05,1775.0415973377703,2.088425874153061,2235.1387539199604,1789.4527172795038,988.6973153443472,0.0178724145011067,5.1876814723032585e-05
483,2020-04-27,4,C3H8,air,N2,293.001657623227,0.0136977827117672,101325.0,101473.28992755718,49.82302636153079,1.0,0.9849261248036808,0.0014929925775795,0.01,0.0189664637070165,5.3899288203399365e-05,1839.3103448275865,2.2423945129903373,2235.229746890772,1789.0272416896255,988.6375654285764,0.0189664637070165,5.3899288203399365e-05
484,2020-04-27,7,C3H8,air,N2,294.3471002427119,0.0122267574484898,101325.0,101388.3750747538,8.22400073968639,1.0,0.9866737424338649,0.0014978881691834,0.01,0.0182527722041134,5.540164131949484e-05,1775.0415973377703,2.088425874153061,2237.720371306439,1789.6896439096172,989.0209070238986,0.0182527722041134,5.540164131949484e-05
485,2020-04-27,8,C3H8,air,N2,294.5869457671068,0.0127434701796238,101325.0,101491.61599219202,48.71933567500555,1.0,0.9903475964937886,0.0017167650675645,0.01,0.0186148101368769,5.638331284274826e-05,1786.9346733668342,2.1165052346320032,2239.7070057213728,1790.6234512113092,989.4878082063944,0.0186148101368769,5.638331284274826e-05
486,2020-04-28,3,C3H8,air,N2,291.22602223559403,0.0137343752483598,101325.0,101486.1167398161,42.25484820355326,1.0,0.9805658326449184,0.0014940636665215,0.01,0.0185379700108509,5.382832735046098e-05,1780.9682804674458,2.1023952390599767,2231.935811473708,1788.0316547963312,988.0544406208928,0.0185379700108509,5.382832735046098e-05
487,2020-04-28,4,C3H8,air,N2,291.815307896344,0.012796392432735,101325.0,101438.48521226775,31.02102241692821,1.0,0.9821498488974352,0.0014105619225675,0.01,0.0182768679253099,5.157759923200196e-05,1805.07614213198,2.159698106023387,2233.5600688513464,1788.550994713844,988.3281203874856,0.0182768679253099,5.157759923200196e-05
488,2020-04-28,8,C3H8,air,N2,293.9376767825641,0.0124868395754516,101325.0,101396.81012770114,11.367647572416905,1.0,0.9812125881905788,0.001513139579958,0.01,0.0183453661707643,5.193062080011984e-05,1789.9328859060402,2.123613559552377,2233.8746581320625,1788.065313853341,988.2356473708096,0.0183453661707643,5.193062080011984e-05
489,2020-04-28,12,C3H8,air,N2,295.47241554334414,0.0124584102902549,101325.0,101390.10694006334,11.304835161932322,1.0,0.9687056338552196,0.0014357439256793,0.01,0.0184513396697987,4.960937810986479e-05,1729.011345218801,1.9815164456287624,2225.3681441793533,1784.053914534932,986.4923456179802,0.0184513396697987,4.960937810986479e-05
490,2020-04-28,15,C3H8,air,N2,296.2995131344326,0.0129964983222502,101325.0,101553.62297987944,57.66547212589623,1.0,0.9710602477863868,0.0014732978998373,0.01,0.0180632918809239,4.9598396180358704e-05,1715.112540192926,1.9497873113645705,2228.0507704805405,1784.898555112649,986.9304406916656,0.0180632918809239,4.9598396180358704e-05
491,2020-04-29,4,C3H8,air,,292.8554993690729,0.0127764285711875,101325.0,101462.32417675924,33.8630611054516,0.9,0.9139434005980168,0.0014433977822079,0.0,0.0,5.427381470186007e-05,1775.0415973377703,2.088425874153061,2191.5972440884743,1772.235087258469,981.19306546876,0.0,5.427381470186007e-05
492,2020-04-29,5,C3H8,air,,293.3411013558995,0.0136908298233743,101325.0,101469.17998872368,54.47727399125829,0.9,0.8983452233106022,0.0014409928963322,0.0,0.0,5.387337685609059e-05,1808.135593220339,2.1670253207984898,2173.8365996523253,1766.1764688940586,978.7237957186344,0.0,5.387337685609059e-05
493,2020-04-29,7,C3H8,air,,295.3907419464265,0.0136491543012742,101325.0,101502.12477984228,44.17329832764593,0.9,0.8903618679464632,0.0013651625763913,0.0,0.0,5.100427657762202e-05,1848.8734835355283,2.2657729250679512,2165.326770053718,1762.8477417615711,977.4848770802918,0.0,5.100427657762202e-05
494,2020-04-29,12,C3H8,air,,296.3141488572693,0.0129962183580383,101325.0,101391.36068863004,19.80703621641553,0.9,0.8951787241269372,0.0013299908869413,0.0,0.0,5.110834171830929e-05,1685.308056872038,1.8826109879981137,2171.688735559559,1764.703728658605,978.285275606643,0.0,5.110834171830929e-05
495,2020-04-29,14,C3H8,air,,297.0054680985175,0.0136166836055511,101325.0,101442.65451764267,31.99770272075457,0.9,0.8982971624217728,0.0013148818646677,0.0,0.0,4.994823823991197e-05,1805.07614213198,2.159698106023387,2175.8151633681687,1765.9003843616329,978.88016508117,0.0,4.994823823991197e-05
496,2020-04-30,3,C3H8,air,,292.5536101803677,0.01498779037811,101325.0,101322.99681812926,3.929767467942165,0.9,0.907322396968223,0.0013608679217233,0.0,0.0,5.307344186198618e-05,1723.4248788368336,1.9687325019246973,2183.9037693119058,1769.713659343951,980.1250979732672,0.0,5.307344186198618e-05
497,2020-05-01,0,C3H8,air,,287.64412390820587,0.0123514825459841,101325.0,101460.67305904404,37.54250362683912,0.9,0.9047270714335957,0.0013447278204314,0.0,0.0,5.098666599640758e-05,1769.1542288557214,2.074595277262006,2178.220692564201,1769.0801560848658,979.6645009769688,0.0,5.098666599640758e-05
498,2020-05-01,1,C3H8,air,,288.61737895006013,0.0137888376975701,101325.0,101491.6542051381,55.19057196192188,0.9,0.897772542600048,0.0014459339336769,0.0,0.0,5.385278458656489e-05,1740.293637846656,2.007460738299237,2170.520115530416,1766.2805911006512,978.4997164440232,0.0,5.385278458656489e-05
499,2020-05-01,2,C3H8,air,,289.3426511966453,0.0137731329848045,101325.0,101572.2241549807,63.368372973075445,0.9,0.9020843353218564,0.001431746578664,0.0,0.0,5.134925563809023e-05,1772.093023255814,2.081493344913301,2176.070224106992,1767.943311925574,979.3828562076912,0.0,5.134925563809023e-05
500,2020-05-01,3,C3H8,air,,290.0027346344212,0.012560931826887,101325.0,101095.0006396526,103.86308187448452,0.9,0.902474739091177,0.0016468180992183,0.0,0.0,5.133988496240346e-05,1704.153354632588,1.9249495099724725,2176.8236593486035,1767.9804643284715,979.4577909507582,0.0,5.133988496240346e-05
501,2020-05-01,4,C3H8,air,,290.6088414479431,0.0131074264352472,101325.0,101508.16651957872,37.10254101294621,0.9,0.9062541173020936,0.0013439035213341,0.0,0.0,5.137898636174279e-05,1704.153354632588,1.9249495099724725,2181.6344093327684,1769.4677381636193,979.9190307041006,0.0,5.137898636174279e-05
502,2020-05-01,5,C3H8,air,,291.13752883200846,0.0125393859653332,101325.0,101522.43405089076,41.20688089546986,0.9,0.9021100280924476,0.0013903996354287,0.0,0.0,5.1523874783216894e-05,1757.495881383855,2.0473430900069283,2177.0859608395017,1767.8196454234362,979.2763802825356,0.0,5.1523874783216894e-05
503,2020-05-01,6,C3H8,air,,291.5553721013778,0.0130887125217767,101325.0,101548.2625906204,55.54019785057286,0.9,0.9019461203372324,0.0013934738304267,0.0,0.0,5.058453701224114e-05,1798.9881956155143,2.145154725791786,2177.127815624437,1767.729788417401,979.2601451258276,0.0,5.058453701224114e-05
504,2020-05-01,9,C3H8,air,,291.932459091639,0.0127937503137795,101325.0,101431.77281258049,33.26663322389906,0.9,0.906360534869502,0.0013578143810359,0.0,0.0,5.218794366522424e-05,1817.376490630324,2.189232096241835,2182.4712891221247,1769.4031305943463,979.9648409989262,0.0,5.218794366522424e-05
505,2020-05-01,10,C3H8,air,,291.8112087909862,0.0130840849910725,101325.0,101471.068345146,46.55462360402972,0.9,0.9075121845905956,0.001435700048999,0.0,0.0,5.200278709895832e-05,1858.5365853658536,2.2895188546963863,2183.73960461737,1769.8616388029764,980.1489837176158,0.0,5.200278709895832e-05
506,2020-05-01,11,C3H8,air,,291.9383651506544,0.0127936368567037,101325.0,101410.9223051905,19.79730195779679,0.9,0.9015837950910204,0.001346426889787,0.0,0.0,5.279186584168174e-05,1990.2985074626863,2.6256596477846155,2176.89188647586,1767.5410248318574,979.2025766252692,0.0,5.279186584168174e-05
507,2020-05-01,12,C3H8,air,,292.08174928044497,0.0122685804970107,101325.0,101136.41301021435,91.89326464252696,0.9,0.9097819921412306,0.001601311207416,0.0,0.0,5.4290818146537135e-05,1836.144578313253,2.2346820698183434,2186.432122219825,1770.6633301499037,980.482913294626,0.0,5.4290818146537135e-05
508,2020-07-09,0,C3H8,air,CO2,296.8984145213865,3.4873852921560373,101325.0,101375.99155985044,4.306229136393744,0.9,0.8898973050339172,0.0012805857695523,0.01,0.0097544492397085,4.91893597482444e-05,1487.8661087866108,1.467336422623366,2145.696178949697,1749.0211030610526,970.1356487036762,0.0097544492397085,4.91893597482444e-05
509,2020-07-09,2,C3H8,air,CO2,297.5721614153365,3.4873852436276294,101325.0,101385.24366827996,2.754170974603292,0.9,0.890689752628425,0.0013192402368934,0.01,0.0095129223574775,4.9321055265118834e-05,1677.3584905660375,1.8648923949061988,2147.5519663820032,1749.6307867892756,970.4650092758096,0.0095129223574775,4.9321055265118834e-05
510,2020-07-09,4,C3H8,air,CO2,299.87128019981986,3.487385283808227,101325.0,101346.25297637915,4.2386199769737125,0.9,0.8911872108024985,0.0013001024045671,0.01,0.0097526818057908,4.9053613504948456e-05,1674.7252747252746,1.8590417557033148,2148.9826536660016,1749.3453665676795,970.435169426224,0.0097526818057908,4.9053613504948456e-05
511,2020-07-09,5,C3H8,air,CO2,300.56920027131457,3.493192725855385,101325.0,101382.21007951812,4.02447872097723,0.9,0.8897582023808009,0.0012883114076795,0.01,0.0095348107637551,4.9074801982192046e-05,1672.1003134796238,1.8532186057772104,2148.0732932348023,1749.0297963516523,970.3901195334232,0.0095348107637551,4.9074801982192046e-05
512,2020-07-09,6,C3H8,air,CO2,300.98262179260314,3.4931927210980684,101325.0,101367.17610318297,3.331644853314816,0.9,0.8897213461009028,0.0012952005351979,0.01,0.0098699835882072,4.9703876461096105e-05,1690.6497622820918,1.89456404361546,2147.580199235236,1748.524786796025,970.1477965743188,0.0098699835882072,4.9703876461096105e-05
513,2020-07-09,10,C3H8,air,CO2,301.4163354770593,3.4931927313521576,101325.0,101397.97756792633,2.381333640139022,0.9,0.8950413041296685,0.0013373972318592,0.01,0.0098442742370325,4.914720691525123e-05,1677.3584905660375,1.8648923949061988,2154.372278460305,1750.6633751385252,971.1088158962112,0.0098442742370325,4.914720691525123e-05
514,2020-07-13,0,C3H8,air,CO2,293.548884810499,3.493192858075516,101325.0,101353.54396514376,3.7694160274084254,0.9,0.8924154924736573,0.0012893780422212,0.01,0.0098233815653678,4.923301099727292e-05,1646.2962962962963,1.7964618440643203,2146.7403969584366,1750.1573226675337,970.393717611039,0.0098233815653678,4.923301099727292e-05
515,2020-07-13,1,C3H8,air,CO2,294.3495819030345,3.4873852856950696,101325.0,101342.24254993245,2.7624728696154963,0.9,0.8870475031409696,0.0012821972342267,0.01,0.0098127223377912,4.907749122298594e-05,1737.4592833876222,2.000927103125673,2140.5678801260046,1747.9440559042157,969.5492295971138,0.0098127223377912,4.907749122298594e-05
516,2020-07-13,2,C3H8,air,CO2,295.0901383430094,3.487385301337076,101325.0,101350.62555779752,2.345744447510212,0.9,0.8901238453228708,0.0013157337729317,0.01,0.0096075664448879,4.950533226948799e-05,1706.88,1.9311142762751283,2145.2371311758184,1749.4293546429988,970.2287499012564,0.0096075664448879,4.950533226948799e-05
517,2020-07-14,0,C3H8,air,CO2,297.1126043651168,3.493192720711549,101325.0,101411.96166033616,3.877290677960017,0.9,0.8910610622605306,0.0013338298965703,0.01,0.0099947215648146,4.94966210462107e-05,1704.153354632588,1.9249495099724725,2146.768338688434,1749.150639711594,970.1577744943772,0.0099947215648146,4.94966210462107e-05
518,2020-07-14,2,C3H8,air,CO2,298.5673297004226,3.4873852903779183,101325.0,101424.54546480732,2.8714633908530245,0.9,0.8911160514537135,0.0012930482314608,0.01,0.0100856969987172,4.910322220531639e-05,1680.0,1.8707706966829367,2147.4833343084138,1748.954337741885,970.1471374581248,0.0100856969987172,4.910322220531639e-05
519,2020-07-14,3,C3H8,air,CO2,299.1090633144788,3.487385337996028,101325.0,101414.13499156188,2.639318612577044,0.9,0.8886394166421313,0.0012873381350133,0.01,0.0099274197462455,4.95824113756425e-05,1706.88,1.9311142762751283,2145.059756807415,1748.1361614774223,969.8730184616422,0.0099274197462455,4.95824113756425e-05
520,2020-07-14,7,C3H8,air,CO2,301.28278820625843,3.4873852828267538,101325.0,101399.10848081372,2.137684088233463,0.9,0.8908592703785703,0.0013089968667562,0.01,0.0096467103762759,4.9109811553269526e-05,1672.1003134796238,1.8532186057772104,2149.60857323107,1749.274933524992,970.506007933248,0.0096467103762759,4.9109811553269526e-05
521,2020-07-14,9,C3H8,air,CO2,302.5234053362773,3.4931928358494178,101325.0,101384.15053534806,2.094986312320565,0.9,0.8869901983358629,0.0012938026672408,0.01,0.0106141933315413,4.9217760243653255e-05,1656.5217391304348,1.818847445531572,2143.5734479361936,1746.2998988336171,969.2026746626232,0.0106141933315413,4.9217760243653255e-05
522,2020-07-14,13,C3H8,air,CO2,304.1322431800761,3.4873853916927646,101325.0,101392.24403783873,1.7703169579896885,0.9,0.8909114091651271,0.0012845986715627,0.01,0.0101523328166052,4.9175420257698544e-05,1704.153354632588,1.9249495099724725,2150.2694970607845,1748.4144565742,970.4265767016028,0.0101523328166052,4.9175420257698544e-05
523,2020-07-16,0,C3H8,air,N2,299.6359396698345,3.4873853513426742,101325.0,101416.32088219545,3.827031703853054,0.9,0.8860958100093638,0.0013154556011027,0.01,0.0168109415024758,4.960951732499969e-05,1763.3057851239669,2.06090161647418,2142.5867422610763,1754.398039817479,974.2761882066092,0.0168109415024758,4.960951732499969e-05
524,2020-07-16,4,C3H8,air,N2,302.56603308786885,3.4873853055648496,101325.0,101409.39828195164,3.72621848228096,0.9,0.8796426106052793,0.0012933425111888,0.01,0.017138128741035,4.851199877695175e-05,1786.9346733668342,2.1165052346320032,2135.684855742252,1751.4078838339526,973.250853187602,0.017138128741035,4.851199877695175e-05
525,2020-07-16,5,C3H8,air,N2,303.2309943718281,3.4873854448764,101325.0,101396.28734793632,3.446007382197548,0.9,0.8859006294309079,0.0012834219312246,0.01,0.0171460764316284,4.8488360202287926e-05,1682.6498422712934,1.876676835698377,2144.0333919276823,1753.963240181707,974.3023779937288,0.0171460764316284,4.8488360202287926e-05
526,2020-07-16,6,C3H8,air,N2,303.4949912047523,3.487385340987137,101325.0,101395.52897123023,2.999970873371775,0.9,0.8890483629169068,0.0013100279418826,0.01,0.0169049296509757,4.8570572046671694e-05,1693.3333333333333,1.9005833060467996,2148.4211261968085,1755.329020072352,974.8644961689226,0.0169049296509757,4.8570572046671694e-05
527,2020-07-16,8,C3H8,air,N2,304.57248928744514,3.4931929169858624,101325.0,101383.88969364714,2.573943365852917,0.9,0.8796164099812263,0.0012949359620134,0.01,0.0170546917747758,4.858053118468855e-05,1669.483568075117,1.847422773185752,2136.932128161632,1751.3057883254792,973.3176686567136,0.0170546917747758,4.858053118468855e-05
528,2020-07-16,9,C3H8,air,N2,304.49321059991087,3.4931927633304967,101325.0,101381.06418538225,2.365413693564623,0.9,0.8831602491897276,0.0012907363161594,0.01,0.0170177411285516,4.862031657830652e-05,1698.7261146496814,1.9127082086747271,2141.455639258973,1752.801512267661,973.9118289100484,0.0170177411285516,4.862031657830652e-05
